image_id,healthy,multiple_diseases,rust,scab
Test_0,      0.00,      0.00,      1.00,      0.00
Test_1,      0.00,      0.00,      1.00,      0.00
Test_2,      0.01,      0.00,      0.00,      0.99
Test_3,      0.99,      0.00,      0.00,      0.00
Test_4,      0.00,      0.01,      0.99,      0.00
Test_5,      0.99,      0.00,      0.00,      0.00
Test_6,      1.00,      0.00,      0.00,      0.00
Test_7,      0.00,      0.16,      0.00,      0.83
Test_8,      0.00,      0.96,      0.00,      0.04
Test_9,      0.00,      0.00,      1.00,      0.00
Test_10,      0.00,      0.00,      0.99,      0.00
Test_11,      1.00,      0.00,      0.00,      0.00
Test_12,      0.03,      0.62,      0.00,      0.35
Test_13,      1.00,      0.00,      0.00,      0.00
Test_14,      0.00,      0.00,      1.00,      0.00
Test_15,      0.53,      0.00,      0.46,      0.00
Test_16,      0.93,      0.06,      0.00,      0.00
Test_17,      0.01,      0.38,      0.00,      0.61
Test_18,      0.03,      0.01,      0.02,      0.93
Test_19,      0.01,      0.03,      0.95,      0.01
Test_20,      0.02,      0.00,      0.00,      0.98
Test_21,      1.00,      0.00,      0.00,      0.00
Test_22,      0.01,      0.03,      0.96,      0.00
Test_23,      0.00,      0.00,      0.00,      1.00
Test_24,      0.92,      0.06,      0.00,      0.01
Test_25,      0.03,      0.00,      0.00,      0.96
Test_26,      0.34,      0.06,      0.01,      0.59
Test_27,      0.00,      0.01,      0.99,      0.00
Test_28,      1.00,      0.00,      0.00,      0.00
Test_29,      0.05,      0.71,      0.21,      0.03
Test_30,      1.00,      0.00,      0.00,      0.00
Test_31,      0.00,      0.04,      0.96,      0.00
Test_32,      0.26,      0.28,      0.01,      0.44
Test_33,      0.00,      0.00,      0.00,      1.00
Test_34,      0.08,      0.00,      0.00,      0.92
Test_35,      0.01,      0.00,      0.00,      0.99
Test_36,      0.00,      0.00,      0.99,      0.00
Test_37,      0.26,      0.18,      0.01,      0.55
Test_38,      0.00,      0.00,      0.00,      0.99
Test_39,      0.01,      0.00,      0.98,      0.01
Test_40,      0.00,      0.00,      1.00,      0.00
Test_41,      0.00,      0.00,      1.00,      0.00
Test_42,      0.01,      0.00,      0.00,      0.99
Test_43,      0.10,      0.02,      0.86,      0.01
Test_44,      0.00,      0.93,      0.07,      0.00
Test_45,      0.25,      0.35,      0.20,      0.20
Test_46,      0.92,      0.07,      0.00,      0.01
Test_47,      0.04,      0.05,      0.88,      0.02
Test_48,      0.00,      0.00,      0.99,      0.00
Test_49,      0.01,      0.00,      0.98,      0.00
Test_50,      0.00,      0.00,      1.00,      0.00
Test_51,      0.00,      0.01,      0.99,      0.00
Test_52,      0.00,      0.00,      1.00,      0.00
Test_53,      0.00,      0.00,      1.00,      0.00
Test_54,      0.91,      0.08,      0.01,      0.00
Test_55,      0.03,      0.00,      0.00,      0.97
Test_56,      0.01,      0.94,      0.00,      0.04
Test_57,      0.99,      0.00,      0.00,      0.00
Test_58,      0.00,      0.00,      0.00,      1.00
Test_59,      0.22,      0.06,      0.71,      0.01
Test_60,      0.00,      0.00,      0.00,      1.00
Test_61,      1.00,      0.00,      0.00,      0.00
Test_62,      0.00,      0.95,      0.02,      0.03
Test_63,      0.68,      0.12,      0.02,      0.18
Test_64,      0.98,      0.01,      0.00,      0.01
Test_65,      0.00,      0.00,      1.00,      0.00
Test_66,      1.00,      0.00,      0.00,      0.00
Test_67,      0.00,      0.00,      1.00,      0.00
Test_68,      0.00,      0.82,      0.00,      0.18
Test_69,      0.00,      0.00,      0.99,      0.00
Test_70,      0.00,      0.00,      0.00,      1.00
Test_71,      0.00,      0.00,      1.00,      0.00
Test_72,      0.00,      0.00,      0.00,      0.99
Test_73,      1.00,      0.00,      0.00,      0.00
Test_74,      1.00,      0.00,      0.00,      0.00
Test_75,      0.06,      0.20,      0.01,      0.73
Test_76,      1.00,      0.00,      0.00,      0.00
Test_77,      0.04,      0.01,      0.94,      0.00
Test_78,      0.01,      0.83,      0.00,      0.16
Test_79,      0.01,      0.02,      0.00,      0.97
Test_80,      0.01,      0.92,      0.05,      0.02
Test_81,      0.00,      0.01,      0.99,      0.00
Test_82,      0.02,      0.04,      0.93,      0.01
Test_83,      0.00,      0.00,      1.00,      0.00
Test_84,      0.19,      0.00,      0.00,      0.81
Test_85,      0.01,      0.00,      0.00,      0.98
Test_86,      0.00,      0.00,      1.00,      0.00
Test_87,      0.99,      0.00,      0.00,      0.01
Test_88,      0.05,      0.40,      0.18,      0.38
Test_89,      0.99,      0.00,      0.01,      0.00
Test_90,      0.00,      0.00,      0.99,      0.00
Test_91,      1.00,      0.00,      0.00,      0.00
Test_92,      0.98,      0.01,      0.00,      0.00
Test_93,      0.00,      0.00,      1.00,      0.00
Test_94,      0.00,      0.00,      0.00,      1.00
Test_95,      1.00,      0.00,      0.00,      0.00
Test_96,      0.00,      0.00,      0.00,      1.00
Test_97,      1.00,      0.00,      0.00,      0.00
Test_98,      0.05,      0.37,      0.16,      0.43
Test_99,      0.22,      0.07,      0.05,      0.66
Test_100,      0.00,      0.00,      0.00,      1.00
Test_101,      0.99,      0.00,      0.00,      0.00
Test_102,      0.02,      0.00,      0.00,      0.98
Test_103,      0.83,      0.01,      0.04,      0.12
Test_104,      0.00,      0.03,      0.00,      0.97
Test_105,      0.00,      0.00,      0.00,      1.00
Test_106,      1.00,      0.00,      0.00,      0.00
Test_107,      0.00,      0.00,      1.00,      0.00
Test_108,      0.03,      0.01,      0.01,      0.96
Test_109,      1.00,      0.00,      0.00,      0.00
Test_110,      0.99,      0.00,      0.00,      0.00
Test_111,      1.00,      0.00,      0.00,      0.00
Test_112,      0.00,      0.06,      0.93,      0.00
Test_113,      0.22,      0.77,      0.01,      0.00
Test_114,      0.24,      0.45,      0.04,      0.27
Test_115,      0.00,      0.00,      0.99,      0.00
Test_116,      0.20,      0.00,      0.79,      0.01
Test_117,      0.00,      0.00,      1.00,      0.00
Test_118,      0.00,      0.00,      0.99,      0.00
Test_119,      1.00,      0.00,      0.00,      0.00
Test_120,      0.00,      0.00,      1.00,      0.00
Test_121,      0.00,      0.00,      1.00,      0.00
Test_122,      0.00,      0.00,      1.00,      0.00
Test_123,      0.00,      0.52,      0.47,      0.01
Test_124,      0.00,      0.00,      0.00,      0.99
Test_125,      0.07,      0.64,      0.02,      0.27
Test_126,      1.00,      0.00,      0.00,      0.00
Test_127,      0.00,      0.00,      0.00,      0.99
Test_128,      0.00,      0.00,      0.99,      0.00
Test_129,      0.05,      0.01,      0.94,      0.00
Test_130,      0.00,      0.00,      0.00,      0.99
Test_131,      0.03,      0.00,      0.00,      0.97
Test_132,      1.00,      0.00,      0.00,      0.00
Test_133,      0.03,      0.07,      0.00,      0.89
Test_134,      0.12,      0.00,      0.00,      0.87
Test_135,      0.00,      0.00,      0.99,      0.00
Test_136,      0.00,      0.00,      0.00,      1.00
Test_137,      0.00,      0.00,      0.99,      0.00
Test_138,      0.00,      0.00,      0.99,      0.00
Test_139,      1.00,      0.00,      0.00,      0.00
Test_140,      0.02,      0.01,      0.96,      0.00
Test_141,      0.01,      0.00,      0.00,      0.99
Test_142,      0.04,      0.39,      0.01,      0.55
Test_143,      0.95,      0.02,      0.00,      0.03
Test_144,      1.00,      0.00,      0.00,      0.00
Test_145,      0.11,      0.16,      0.00,      0.73
Test_146,      0.00,      0.00,      0.99,      0.00
Test_147,      0.00,      0.00,      1.00,      0.00
Test_148,      1.00,      0.00,      0.00,      0.00
Test_149,      0.17,      0.01,      0.79,      0.03
Test_150,      0.03,      0.91,      0.00,      0.05
Test_151,      0.01,      0.03,      0.95,      0.01
Test_152,      0.01,      0.95,      0.03,      0.00
Test_153,      0.00,      0.00,      0.00,      1.00
Test_154,      0.01,      0.04,      0.95,      0.00
Test_155,      0.00,      0.02,      0.98,      0.00
Test_156,      0.01,      0.01,      0.01,      0.98
Test_157,      0.99,      0.00,      0.01,      0.00
Test_158,      0.00,      0.00,      0.00,      1.00
Test_159,      0.00,      0.00,      1.00,      0.00
Test_160,      1.00,      0.00,      0.00,      0.00
Test_161,      0.01,      0.13,      0.00,      0.86
Test_162,      0.00,      0.00,      1.00,      0.00
Test_163,      0.01,      0.82,      0.17,      0.01
Test_164,      0.48,      0.15,      0.05,      0.32
Test_165,      0.00,      0.00,      0.00,      1.00
Test_166,      0.00,      0.00,      1.00,      0.00
Test_167,      0.49,      0.01,      0.49,      0.00
Test_168,      0.00,      0.99,      0.00,      0.00
Test_169,      0.02,      0.00,      0.98,      0.00
Test_170,      0.00,      0.00,      0.00,      1.00
Test_171,      0.00,      0.00,      1.00,      0.00
Test_172,      0.00,      0.56,      0.44,      0.00
Test_173,      0.00,      0.00,      0.99,      0.00
Test_174,      0.16,      0.00,      0.00,      0.83
Test_175,      1.00,      0.00,      0.00,      0.00
Test_176,      0.02,      0.00,      0.98,      0.00
Test_177,      0.00,      0.00,      0.00,      1.00
Test_178,      0.00,      0.00,      0.00,      1.00
Test_179,      0.01,      0.00,      0.98,      0.01
Test_180,      0.00,      0.13,      0.86,      0.00
Test_181,      0.00,      0.00,      0.00,      0.99
Test_182,      0.00,      0.00,      1.00,      0.00
Test_183,      1.00,      0.00,      0.00,      0.00
Test_184,      0.21,      0.01,      0.02,      0.76
Test_185,      0.00,      0.01,      0.00,      0.99
Test_186,      0.03,      0.03,      0.00,      0.94
Test_187,      0.00,      0.00,      1.00,      0.00
Test_188,      0.01,      0.00,      0.98,      0.00
Test_189,      1.00,      0.00,      0.00,      0.00
Test_190,      0.01,      0.02,      0.97,      0.00
Test_191,      0.00,      0.00,      0.99,      0.00
Test_192,      0.05,      0.00,      0.94,      0.00
Test_193,      0.00,      0.01,      0.99,      0.00
Test_194,      0.04,      0.77,      0.18,      0.01
Test_195,      0.85,      0.15,      0.00,      0.00
Test_196,      0.02,      0.03,      0.09,      0.86
Test_197,      0.01,      0.01,      0.98,      0.00
Test_198,      0.09,      0.09,      0.00,      0.82
Test_199,      0.42,      0.06,      0.40,      0.12
Test_200,      0.00,      0.01,      0.99,      0.00
Test_201,      0.00,      0.00,      0.00,      1.00
Test_202,      0.01,      0.00,      0.98,      0.01
Test_203,      0.02,      0.07,      0.91,      0.01
Test_204,      0.00,      0.01,      0.00,      0.99
Test_205,      0.01,      0.00,      0.00,      0.99
Test_206,      0.01,      0.00,      0.00,      0.99
Test_207,      0.00,      0.00,      1.00,      0.00
Test_208,      0.95,      0.01,      0.01,      0.03
Test_209,      0.00,      0.01,      0.98,      0.01
Test_210,      0.02,      0.00,      0.07,      0.90
Test_211,      0.01,      0.96,      0.01,      0.02
Test_212,      0.00,      0.00,      1.00,      0.00
Test_213,      0.00,      0.99,      0.01,      0.00
Test_214,      0.01,      0.01,      0.98,      0.00
Test_215,      0.10,      0.59,      0.01,      0.30
Test_216,      1.00,      0.00,      0.00,      0.00
Test_217,      0.00,      0.00,      0.00,      0.99
Test_218,      1.00,      0.00,      0.00,      0.00
Test_219,      0.00,      0.00,      1.00,      0.00
Test_220,      0.02,      0.00,      0.00,      0.98
Test_221,      0.99,      0.00,      0.00,      0.01
Test_222,      0.00,      0.00,      0.99,      0.00
Test_223,      0.00,      0.00,      0.99,      0.00
Test_224,      1.00,      0.00,      0.00,      0.00
Test_225,      1.00,      0.00,      0.00,      0.00
Test_226,      0.01,      0.84,      0.14,      0.00
Test_227,      0.00,      0.00,      0.00,      1.00
Test_228,      0.00,      0.00,      1.00,      0.00
Test_229,      0.02,      0.28,      0.68,      0.02
Test_230,      0.08,      0.00,      0.01,      0.91
Test_231,      0.14,      0.00,      0.00,      0.86
Test_232,      1.00,      0.00,      0.00,      0.00
Test_233,      1.00,      0.00,      0.00,      0.00
Test_234,      0.59,      0.02,      0.02,      0.37
Test_235,      0.00,      0.00,      0.00,      1.00
Test_236,      0.03,      0.02,      0.94,      0.01
Test_237,      0.00,      0.02,      0.00,      0.98
Test_238,      0.00,      0.00,      1.00,      0.00
Test_239,      0.00,      0.01,      0.99,      0.00
Test_240,      0.00,      0.01,      0.99,      0.00
Test_241,      0.05,      0.08,      0.82,      0.06
Test_242,      0.09,      0.70,      0.00,      0.21
Test_243,      1.00,      0.00,      0.00,      0.00
Test_244,      0.03,      0.74,      0.12,      0.11
Test_245,      0.04,      0.22,      0.73,      0.00
Test_246,      0.00,      0.00,      0.00,      1.00
Test_247,      0.00,      0.00,      0.00,      1.00
Test_248,      0.08,      0.05,      0.00,      0.87
Test_249,      0.00,      0.01,      0.95,      0.03
Test_250,      1.00,      0.00,      0.00,      0.00
Test_251,      0.98,      0.00,      0.01,      0.01
Test_252,      0.01,      0.00,      0.98,      0.00
Test_253,      0.00,      0.01,      0.00,      0.98
Test_254,      0.00,      0.01,      0.00,      0.99
Test_255,      0.01,      0.00,      0.00,      0.99
Test_256,      0.00,      0.00,      0.01,      0.99
Test_257,      0.01,      0.00,      0.99,      0.00
Test_258,      0.12,      0.85,      0.03,      0.00
Test_259,      0.72,      0.06,      0.13,      0.08
Test_260,      0.00,      0.00,      0.00,      1.00
Test_261,      0.00,      0.00,      0.99,      0.00
Test_262,      0.00,      0.00,      0.00,      1.00
Test_263,      1.00,      0.00,      0.00,      0.00
Test_264,      0.43,      0.07,      0.47,      0.03
Test_265,      0.00,      0.00,      1.00,      0.00
Test_266,      0.00,      0.00,      0.00,      1.00
Test_267,      1.00,      0.00,      0.00,      0.00
Test_268,      0.00,      0.21,      0.78,      0.01
Test_269,      1.00,      0.00,      0.00,      0.00
Test_270,      0.83,      0.00,      0.00,      0.17
Test_271,      0.07,      0.00,      0.01,      0.93
Test_272,      0.01,      0.05,      0.94,      0.01
Test_273,      0.99,      0.01,      0.00,      0.00
Test_274,      0.00,      0.00,      0.99,      0.00
Test_275,      0.01,      0.86,      0.10,      0.02
Test_276,      0.00,      0.00,      0.00,      1.00
Test_277,      0.03,      0.96,      0.00,      0.00
Test_278,      0.00,      0.00,      0.00,      1.00
Test_279,      0.00,      0.00,      0.99,      0.00
Test_280,      0.00,      0.00,      0.00,      1.00
Test_281,      0.01,      0.00,      0.00,      0.99
Test_282,      0.00,      1.00,      0.00,      0.00
Test_283,      0.00,      0.01,      0.99,      0.00
Test_284,      0.02,      0.01,      0.96,      0.00
Test_285,      0.01,      0.00,      0.00,      0.99
Test_286,      0.01,      0.00,      0.00,      0.99
Test_287,      0.20,      0.01,      0.26,      0.52
Test_288,      0.00,      0.00,      0.00,      1.00
Test_289,      0.01,      0.00,      0.00,      0.99
Test_290,      0.00,      0.00,      1.00,      0.00
Test_291,      0.00,      0.00,      0.99,      0.00
Test_292,      1.00,      0.00,      0.00,      0.00
Test_293,      0.00,      0.00,      0.99,      0.00
Test_294,      0.00,      0.00,      0.99,      0.00
Test_295,      0.06,      0.00,      0.93,      0.00
Test_296,      0.49,      0.05,      0.07,      0.40
Test_297,      0.00,      0.01,      0.00,      0.98
Test_298,      0.01,      0.06,      0.93,      0.00
Test_299,      0.01,      0.64,      0.05,      0.31
Test_300,      0.95,      0.00,      0.00,      0.04
Test_301,      1.00,      0.00,      0.00,      0.00
Test_302,      0.01,      0.01,      0.00,      0.98
Test_303,      0.99,      0.00,      0.00,      0.00
Test_304,      1.00,      0.00,      0.00,      0.00
Test_305,      1.00,      0.00,      0.00,      0.00
Test_306,      0.01,      0.07,      0.00,      0.91
Test_307,      0.93,      0.06,      0.00,      0.00
Test_308,      0.00,      0.00,      0.00,      0.99
Test_309,      0.27,      0.08,      0.61,      0.04
Test_310,      0.00,      0.91,      0.08,      0.00
Test_311,      0.00,      0.08,      0.92,      0.00
Test_312,      0.00,      0.00,      0.00,      1.00
Test_313,      0.02,      0.00,      0.00,      0.98
Test_314,      0.00,      0.00,      0.00,      1.00
Test_315,      0.85,      0.00,      0.00,      0.14
Test_316,      0.00,      0.00,      1.00,      0.00
Test_317,      0.08,      0.00,      0.91,      0.00
Test_318,      0.09,      0.48,      0.05,      0.37
Test_319,      0.00,      0.00,      1.00,      0.00
Test_320,      0.00,      0.00,      0.99,      0.00
Test_321,      0.79,      0.21,      0.00,      0.00
Test_322,      0.71,      0.19,      0.10,      0.00
Test_323,      0.64,      0.08,      0.27,      0.00
Test_324,      0.00,      0.00,      0.99,      0.00
Test_325,      0.18,      0.00,      0.01,      0.80
Test_326,      0.01,      0.00,      0.99,      0.00
Test_327,      0.00,      0.00,      0.00,      1.00
Test_328,      0.01,      0.01,      0.98,      0.01
Test_329,      0.02,      0.01,      0.96,      0.00
Test_330,      0.01,      0.05,      0.92,      0.02
Test_331,      0.51,      0.06,      0.04,      0.39
Test_332,      0.99,      0.00,      0.00,      0.00
Test_333,      0.02,      0.01,      0.96,      0.01
Test_334,      0.01,      0.01,      0.97,      0.01
Test_335,      1.00,      0.00,      0.00,      0.00
Test_336,      0.04,      0.04,      0.93,      0.00
Test_337,      0.99,      0.01,      0.00,      0.00
Test_338,      0.99,      0.00,      0.00,      0.00
Test_339,      0.00,      0.00,      1.00,      0.00
Test_340,      0.98,      0.00,      0.01,      0.00
Test_341,      1.00,      0.00,      0.00,      0.00
Test_342,      1.00,      0.00,      0.00,      0.00
Test_343,      0.02,      0.00,      0.00,      0.98
Test_344,      0.00,      0.00,      1.00,      0.00
Test_345,      0.01,      0.00,      0.98,      0.00
Test_346,      0.00,      0.00,      1.00,      0.00
Test_347,      0.20,      0.02,      0.77,      0.01
Test_348,      0.01,      0.00,      0.00,      0.99
Test_349,      0.01,      0.40,      0.55,      0.04
Test_350,      0.01,      0.02,      0.00,      0.97
Test_351,      0.00,      0.00,      1.00,      0.00
Test_352,      0.01,      0.14,      0.03,      0.82
Test_353,      0.12,      0.02,      0.14,      0.72
Test_354,      0.00,      0.00,      1.00,      0.00
Test_355,      0.98,      0.01,      0.00,      0.01
Test_356,      1.00,      0.00,      0.00,      0.00
Test_357,      0.99,      0.00,      0.00,      0.00
Test_358,      0.00,      1.00,      0.00,      0.00
Test_359,      0.00,      0.00,      0.00,      1.00
Test_360,      0.64,      0.07,      0.00,      0.28
Test_361,      0.99,      0.00,      0.00,      0.00
Test_362,      0.99,      0.00,      0.00,      0.01
Test_363,      0.02,      0.01,      0.98,      0.00
Test_364,      0.02,      0.92,      0.05,      0.01
Test_365,      0.00,      0.09,      0.91,      0.00
Test_366,      0.01,      0.00,      0.98,      0.00
Test_367,      0.00,      0.01,      0.00,      0.99
Test_368,      0.99,      0.01,      0.00,      0.00
Test_369,      0.00,      0.00,      0.00,      0.99
Test_370,      0.00,      0.00,      1.00,      0.00
Test_371,      0.00,      0.00,      0.99,      0.00
Test_372,      0.00,      0.00,      0.00,      1.00
Test_373,      0.00,      0.00,      0.99,      0.00
Test_374,      0.00,      0.00,      1.00,      0.00
Test_375,      0.02,      0.01,      0.00,      0.97
Test_376,      1.00,      0.00,      0.00,      0.00
Test_377,      1.00,      0.00,      0.00,      0.00
Test_378,      0.00,      0.00,      1.00,      0.00
Test_379,      0.01,      0.96,      0.02,      0.00
Test_380,      0.03,      0.01,      0.00,      0.95
Test_381,      0.79,      0.10,      0.02,      0.09
Test_382,      0.00,      0.00,      0.00,      0.99
Test_383,      1.00,      0.00,      0.00,      0.00
Test_384,      0.00,      0.00,      1.00,      0.00
Test_385,      0.02,      0.01,      0.08,      0.90
Test_386,      0.00,      0.03,      0.96,      0.01
Test_387,      0.00,      0.00,      0.00,      1.00
Test_388,      0.98,      0.00,      0.00,      0.02
Test_389,      1.00,      0.00,      0.00,      0.00
Test_390,      0.97,      0.01,      0.00,      0.01
Test_391,      0.00,      0.00,      1.00,      0.00
Test_392,      0.05,      0.00,      0.94,      0.01
Test_393,      0.01,      0.04,      0.00,      0.95
Test_394,      0.02,      0.00,      0.00,      0.97
Test_395,      0.00,      0.02,      0.98,      0.00
Test_396,      0.00,      0.16,      0.00,      0.84
Test_397,      0.01,      0.01,      0.00,      0.98
Test_398,      0.01,      0.19,      0.78,      0.01
Test_399,      0.82,      0.00,      0.00,      0.18
Test_400,      0.00,      0.00,      1.00,      0.00
Test_401,      0.11,      0.01,      0.87,      0.01
Test_402,      0.00,      0.00,      0.00,      0.99
Test_403,      0.43,      0.21,      0.29,      0.08
Test_404,      0.48,      0.00,      0.01,      0.51
Test_405,      0.01,      0.00,      0.00,      0.98
Test_406,      0.00,      0.00,      0.00,      1.00
Test_407,      0.01,      0.00,      0.00,      0.99
Test_408,      0.01,      0.01,      0.00,      0.98
Test_409,      0.16,      0.01,      0.83,      0.00
Test_410,      0.00,      0.00,      0.00,      1.00
Test_411,      1.00,      0.00,      0.00,      0.00
Test_412,      0.00,      0.20,      0.79,      0.00
Test_413,      1.00,      0.00,      0.00,      0.00
Test_414,      0.00,      0.00,      1.00,      0.00
Test_415,      0.00,      0.00,      1.00,      0.00
Test_416,      0.02,      0.01,      0.89,      0.08
Test_417,      0.00,      0.00,      1.00,      0.00
Test_418,      0.99,      0.01,      0.00,      0.00
Test_419,      1.00,      0.00,      0.00,      0.00
Test_420,      0.01,      0.01,      0.99,      0.00
Test_421,      0.01,      0.00,      0.00,      0.99
Test_422,      0.00,      0.01,      0.00,      0.99
Test_423,      0.01,      0.96,      0.03,      0.00
Test_424,      0.00,      0.03,      0.97,      0.00
Test_425,      0.13,      0.19,      0.00,      0.68
Test_426,      0.01,      0.01,      0.98,      0.00
Test_427,      0.00,      0.00,      0.00,      1.00
Test_428,      0.00,      0.00,      0.00,      1.00
Test_429,      0.00,      0.00,      1.00,      0.00
Test_430,      0.00,      0.01,      0.99,      0.00
Test_431,      1.00,      0.00,      0.00,      0.00
Test_432,      0.02,      0.00,      0.00,      0.98
Test_433,      0.00,      0.00,      0.00,      1.00
Test_434,      0.00,      0.00,      0.00,      1.00
Test_435,      0.78,      0.00,      0.02,      0.20
Test_436,      0.04,      0.62,      0.02,      0.33
Test_437,      0.01,      0.03,      0.96,      0.00
Test_438,      0.01,      0.01,      0.98,      0.00
Test_439,      0.03,      0.22,      0.74,      0.01
Test_440,      0.00,      0.00,      0.99,      0.00
Test_441,      0.88,      0.07,      0.02,      0.03
Test_442,      0.00,      0.00,      0.99,      0.00
Test_443,      0.02,      0.16,      0.03,      0.78
Test_444,      1.00,      0.00,      0.00,      0.00
Test_445,      0.01,      0.00,      0.99,      0.00
Test_446,      0.00,      0.00,      0.99,      0.00
Test_447,      0.00,      0.00,      0.99,      0.00
Test_448,      0.00,      0.01,      0.98,      0.01
Test_449,      0.00,      0.00,      0.00,      1.00
Test_450,      0.01,      0.00,      0.99,      0.00
Test_451,      0.00,      0.00,      1.00,      0.00
Test_452,      0.01,      0.13,      0.86,      0.00
Test_453,      0.01,      0.01,      0.00,      0.97
Test_454,      0.04,      0.01,      0.95,      0.00
Test_455,      0.00,      0.00,      0.00,      0.99
Test_456,      0.00,      0.43,      0.57,      0.00
Test_457,      0.00,      0.00,      0.00,      1.00
Test_458,      0.99,      0.01,      0.00,      0.00
Test_459,      0.00,      0.00,      0.99,      0.00
Test_460,      0.84,      0.01,      0.01,      0.14
Test_461,      0.00,      0.00,      0.00,      0.99
Test_462,      0.00,      0.00,      1.00,      0.00
Test_463,      0.00,      0.00,      0.00,      0.99
Test_464,      0.99,      0.00,      0.01,      0.00
Test_465,      0.01,      0.01,      0.97,      0.01
Test_466,      0.33,      0.07,      0.59,      0.01
Test_467,      0.00,      0.00,      0.00,      1.00
Test_468,      0.98,      0.02,      0.00,      0.00
Test_469,      0.00,      0.00,      1.00,      0.00
Test_470,      0.03,      0.00,      0.00,      0.96
Test_471,      0.29,      0.00,      0.71,      0.00
Test_472,      1.00,      0.00,      0.00,      0.00
Test_473,      0.26,      0.16,      0.56,      0.02
Test_474,      0.01,      0.00,      0.98,      0.00
Test_475,      0.00,      0.00,      0.00,      1.00
Test_476,      0.12,      0.02,      0.01,      0.84
Test_477,      0.01,      0.00,      0.00,      0.99
Test_478,      0.01,      0.09,      0.00,      0.90
Test_479,      0.37,      0.00,      0.00,      0.63
Test_480,      0.01,      0.01,      0.98,      0.00
Test_481,      0.21,      0.21,      0.02,      0.56
Test_482,      0.02,      0.00,      0.00,      0.98
Test_483,      0.00,      0.00,      0.99,      0.00
Test_484,      1.00,      0.00,      0.00,      0.00
Test_485,      1.00,      0.00,      0.00,      0.00
Test_486,      0.01,      0.00,      0.00,      0.99
Test_487,      1.00,      0.00,      0.00,      0.00
Test_488,      0.00,      0.00,      1.00,      0.00
Test_489,      0.02,      0.02,      0.96,      0.00
Test_490,      0.96,      0.00,      0.02,      0.01
Test_491,      0.00,      0.00,      1.00,      0.00
Test_492,      0.42,      0.00,      0.00,      0.58
Test_493,      0.01,      0.05,      0.00,      0.94
Test_494,      0.00,      0.01,      0.99,      0.00
Test_495,      0.00,      0.01,      0.00,      0.99
Test_496,      1.00,      0.00,      0.00,      0.00
Test_497,      0.14,      0.00,      0.00,      0.85
Test_498,      1.00,      0.00,      0.00,      0.00
Test_499,      0.00,      0.00,      0.99,      0.00
Test_500,      0.00,      0.00,      1.00,      0.00
Test_501,      1.00,      0.00,      0.00,      0.00
Test_502,      1.00,      0.00,      0.00,      0.00
Test_503,      0.01,      0.00,      0.98,      0.00
Test_504,      0.21,      0.01,      0.01,      0.76
Test_505,      0.05,      0.01,      0.01,      0.94
Test_506,      0.00,      1.00,      0.00,      0.00
Test_507,      0.00,      0.00,      0.99,      0.00
Test_508,      0.00,      0.00,      1.00,      0.00
Test_509,      0.00,      0.00,      1.00,      0.00
Test_510,      0.00,      0.01,      0.99,      0.00
Test_511,      0.00,      0.00,      0.00,      1.00
Test_512,      1.00,      0.00,      0.00,      0.00
Test_513,      0.00,      0.00,      0.00,      1.00
Test_514,      1.00,      0.00,      0.00,      0.00
Test_515,      0.00,      0.00,      0.99,      0.00
Test_516,      0.00,      0.00,      0.99,      0.00
Test_517,      0.00,      0.00,      0.00,      1.00
Test_518,      0.01,      0.23,      0.74,      0.02
Test_519,      0.01,      0.00,      0.00,      0.99
Test_520,      0.00,      0.99,      0.01,      0.00
Test_521,      0.96,      0.00,      0.00,      0.03
Test_522,      0.00,      0.00,      1.00,      0.00
Test_523,      0.02,      0.00,      0.97,      0.00
Test_524,      0.00,      0.00,      1.00,      0.00
Test_525,      1.00,      0.00,      0.00,      0.00
Test_526,      0.00,      0.02,      0.98,      0.00
Test_527,      0.05,      0.00,      0.95,      0.00
Test_528,      0.00,      0.00,      0.99,      0.00
Test_529,      0.83,      0.05,      0.02,      0.10
Test_530,      1.00,      0.00,      0.00,      0.00
Test_531,      0.02,      0.01,      0.97,      0.00
Test_532,      0.00,      0.00,      0.99,      0.01
Test_533,      0.77,      0.01,      0.00,      0.21
Test_534,      0.00,      0.00,      0.00,      1.00
Test_535,      0.00,      0.00,      0.99,      0.00
Test_536,      0.26,      0.09,      0.64,      0.01
Test_537,      0.00,      0.00,      0.99,      0.00
Test_538,      0.00,      0.00,      0.00,      1.00
Test_539,      0.05,      0.00,      0.94,      0.00
Test_540,      0.01,      0.00,      0.99,      0.00
Test_541,      1.00,      0.00,      0.00,      0.00
Test_542,      1.00,      0.00,      0.00,      0.00
Test_543,      0.00,      0.81,      0.18,      0.01
Test_544,      0.00,      0.00,      1.00,      0.00
Test_545,      0.00,      0.00,      0.99,      0.00
Test_546,      0.02,      0.95,      0.00,      0.02
Test_547,      0.00,      0.00,      1.00,      0.00
Test_548,      0.01,      0.33,      0.65,      0.01
Test_549,      0.07,      0.03,      0.00,      0.89
Test_550,      0.04,      0.01,      0.00,      0.95
Test_551,      1.00,      0.00,      0.00,      0.00
Test_552,      0.04,      0.95,      0.01,      0.01
Test_553,      0.00,      0.00,      0.00,      1.00
Test_554,      0.42,      0.01,      0.00,      0.57
Test_555,      0.84,      0.02,      0.01,      0.13
Test_556,      1.00,      0.00,      0.00,      0.00
Test_557,      0.00,      1.00,      0.00,      0.00
Test_558,      0.00,      0.06,      0.93,      0.00
Test_559,      1.00,      0.00,      0.00,      0.00
Test_560,      0.00,      0.00,      1.00,      0.00
Test_561,      0.02,      0.46,      0.49,      0.03
Test_562,      0.07,      0.05,      0.88,      0.00
Test_563,      0.02,      0.09,      0.88,      0.01
Test_564,      0.01,      0.49,      0.50,      0.00
Test_565,      0.00,      0.00,      0.98,      0.01
Test_566,      0.01,      0.26,      0.73,      0.00
Test_567,      0.18,      0.00,      0.00,      0.81
Test_568,      0.68,      0.01,      0.31,      0.00
Test_569,      0.48,      0.08,      0.32,      0.12
Test_570,      0.75,      0.01,      0.02,      0.22
Test_571,      0.01,      0.08,      0.91,      0.00
Test_572,      0.25,      0.00,      0.01,      0.74
Test_573,      0.03,      0.00,      0.00,      0.97
Test_574,      0.01,      0.00,      0.00,      0.98
Test_575,      0.96,      0.00,      0.00,      0.03
Test_576,      0.43,      0.01,      0.02,      0.55
Test_577,      0.00,      0.00,      0.00,      0.99
Test_578,      0.13,      0.33,      0.17,      0.37
Test_579,      0.44,      0.54,      0.01,      0.01
Test_580,      0.00,      0.01,      0.98,      0.01
Test_581,      1.00,      0.00,      0.00,      0.00
Test_582,      0.00,      0.90,      0.10,      0.00
Test_583,      1.00,      0.00,      0.00,      0.00
Test_584,      0.02,      0.01,      0.97,      0.00
Test_585,      0.01,      0.03,      0.80,      0.16
Test_586,      0.93,      0.06,      0.00,      0.00
Test_587,      0.00,      0.00,      0.99,      0.00
Test_588,      0.06,      0.01,      0.93,      0.00
Test_589,      0.00,      0.00,      0.99,      0.00
Test_590,      0.00,      0.01,      0.99,      0.00
Test_591,      0.00,      0.00,      1.00,      0.00
Test_592,      0.99,      0.00,      0.00,      0.01
Test_593,      0.00,      0.00,      1.00,      0.00
Test_594,      0.77,      0.01,      0.22,      0.01
Test_595,      0.01,      0.06,      0.00,      0.93
Test_596,      1.00,      0.00,      0.00,      0.00
Test_597,      0.00,      0.00,      0.00,      0.99
Test_598,      0.01,      0.00,      0.99,      0.00
Test_599,      0.01,      0.91,      0.00,      0.08
Test_600,      0.00,      0.45,      0.54,      0.00
Test_601,      0.00,      0.02,      0.00,      0.98
Test_602,      0.01,      0.29,      0.01,      0.69
Test_603,      0.01,      0.06,      0.00,      0.93
Test_604,      0.04,      0.01,      0.95,      0.00
Test_605,      1.00,      0.00,      0.00,      0.00
Test_606,      0.97,      0.00,      0.00,      0.02
Test_607,      1.00,      0.00,      0.00,      0.00
Test_608,      0.12,      0.03,      0.00,      0.84
Test_609,      1.00,      0.00,      0.00,      0.00
Test_610,      0.00,      0.00,      0.00,      0.99
Test_611,      1.00,      0.00,      0.00,      0.00
Test_612,      0.00,      0.00,      1.00,      0.00
Test_613,      1.00,      0.00,      0.00,      0.00
Test_614,      0.00,      0.01,      0.99,      0.00
Test_615,      0.00,      0.00,      1.00,      0.00
Test_616,      0.00,      0.00,      0.00,      1.00
Test_617,      0.10,      0.89,      0.01,      0.01
Test_618,      0.00,      0.00,      0.00,      1.00
Test_619,      0.00,      0.99,      0.01,      0.00
Test_620,      0.00,      0.96,      0.04,      0.00
Test_621,      0.13,      0.00,      0.04,      0.83
Test_622,      0.00,      0.00,      1.00,      0.00
Test_623,      0.00,      0.00,      0.00,      1.00
Test_624,      0.00,      0.01,      0.98,      0.00
Test_625,      0.72,      0.05,      0.00,      0.23
Test_626,      0.00,      0.00,      1.00,      0.00
Test_627,      1.00,      0.00,      0.00,      0.00
Test_628,      0.02,      0.00,      0.00,      0.98
Test_629,      1.00,      0.00,      0.00,      0.00
Test_630,      1.00,      0.00,      0.00,      0.00
Test_631,      1.00,      0.00,      0.00,      0.00
Test_632,      1.00,      0.00,      0.00,      0.00
Test_633,      0.00,      0.00,      0.99,      0.00
Test_634,      0.00,      0.00,      0.00,      1.00
Test_635,      1.00,      0.00,      0.00,      0.00
Test_636,      0.00,      0.97,      0.00,      0.02
Test_637,      0.00,      0.00,      1.00,      0.00
Test_638,      0.81,      0.00,      0.01,      0.18
Test_639,      0.02,      0.02,      0.97,      0.00
Test_640,      0.01,      0.00,      0.01,      0.98
Test_641,      0.00,      0.00,      1.00,      0.00
Test_642,      0.00,      0.00,      0.00,      1.00
Test_643,      1.00,      0.00,      0.00,      0.00
Test_644,      0.01,      0.00,      0.00,      0.99
Test_645,      1.00,      0.00,      0.00,      0.00
Test_646,      0.08,      0.04,      0.83,      0.05
Test_647,      0.00,      0.96,      0.04,      0.00
Test_648,      0.99,      0.00,      0.00,      0.01
Test_649,      0.00,      0.01,      0.99,      0.00
Test_650,      0.05,      0.10,      0.84,      0.01
Test_651,      0.02,      0.00,      0.00,      0.98
Test_652,      0.01,      0.00,      0.99,      0.00
Test_653,      1.00,      0.00,      0.00,      0.00
Test_654,      0.78,      0.00,      0.22,      0.00
Test_655,      0.00,      0.00,      0.00,      1.00
Test_656,      0.01,      0.00,      0.00,      0.99
Test_657,      0.00,      0.00,      0.99,      0.00
Test_658,      1.00,      0.00,      0.00,      0.00
Test_659,      0.24,      0.12,      0.10,      0.54
Test_660,      0.02,      0.06,      0.91,      0.01
Test_661,      0.00,      0.02,      0.00,      0.97
Test_662,      0.00,      0.00,      0.00,      1.00
Test_663,      0.00,      0.01,      0.99,      0.00
Test_664,      0.00,      0.01,      0.98,      0.00
Test_665,      0.00,      0.02,      0.00,      0.97
Test_666,      0.01,      0.00,      0.99,      0.00
Test_667,      1.00,      0.00,      0.00,      0.00
Test_668,      0.00,      0.00,      1.00,      0.00
Test_669,      0.01,      0.01,      0.98,      0.00
Test_670,      0.17,      0.03,      0.74,      0.06
Test_671,      0.00,      0.00,      1.00,      0.00
Test_672,      1.00,      0.00,      0.00,      0.00
Test_673,      0.00,      0.04,      0.96,      0.00
Test_674,      0.00,      0.00,      0.99,      0.00
Test_675,      1.00,      0.00,      0.00,      0.00
Test_676,      1.00,      0.00,      0.00,      0.00
Test_677,      0.00,      0.00,      0.00,      1.00
Test_678,      0.99,      0.00,      0.00,      0.01
Test_679,      0.04,      0.00,      0.96,      0.00
Test_680,      0.01,      0.00,      0.00,      0.99
Test_681,      0.99,      0.00,      0.01,      0.00
Test_682,      1.00,      0.00,      0.00,      0.00
Test_683,      0.01,      0.00,      0.00,      0.98
Test_684,      0.02,      0.01,      0.00,      0.97
Test_685,      1.00,      0.00,      0.00,      0.00
Test_686,      0.00,      0.00,      0.00,      1.00
Test_687,      0.99,      0.00,      0.00,      0.00
Test_688,      0.07,      0.39,      0.19,      0.34
Test_689,      0.00,      0.00,      0.00,      1.00
Test_690,      0.00,      0.00,      0.00,      1.00
Test_691,      0.99,      0.01,      0.00,      0.00
Test_692,      0.01,      0.04,      0.96,      0.00
Test_693,      1.00,      0.00,      0.00,      0.00
Test_694,      0.03,      0.82,      0.00,      0.14
Test_695,      1.00,      0.00,      0.00,      0.00
Test_696,      0.00,      0.00,      0.99,      0.00
Test_697,      0.03,      0.01,      0.96,      0.01
Test_698,      1.00,      0.00,      0.00,      0.00
Test_699,      0.00,      0.00,      0.00,      0.99
Test_700,      0.00,      0.00,      1.00,      0.00
Test_701,      0.28,      0.01,      0.01,      0.71
Test_702,      0.00,      0.00,      0.00,      1.00
Test_703,      0.00,      0.00,      1.00,      0.00
Test_704,      0.01,      0.01,      0.97,      0.01
Test_705,      0.01,      0.00,      0.99,      0.00
Test_706,      1.00,      0.00,      0.00,      0.00
Test_707,      0.05,      0.00,      0.01,      0.94
Test_708,      0.83,      0.15,      0.00,      0.02
Test_709,      0.01,      0.00,      0.99,      0.00
Test_710,      0.00,      0.00,      1.00,      0.00
Test_711,      1.00,      0.00,      0.00,      0.00
Test_712,      0.11,      0.01,      0.00,      0.87
Test_713,      0.00,      0.59,      0.00,      0.41
Test_714,      0.00,      1.00,      0.00,      0.00
Test_715,      0.00,      0.00,      0.99,      0.00
Test_716,      0.02,      0.00,      0.00,      0.98
Test_717,      0.01,      0.01,      0.97,      0.01
Test_718,      0.74,      0.01,      0.24,      0.01
Test_719,      0.01,      0.00,      0.99,      0.00
Test_720,      1.00,      0.00,      0.00,      0.00
Test_721,      0.00,      0.00,      0.99,      0.00
Test_722,      0.00,      0.30,      0.69,      0.00
Test_723,      1.00,      0.00,      0.00,      0.00
Test_724,      0.00,      0.01,      0.99,      0.00
Test_725,      0.92,      0.07,      0.00,      0.01
Test_726,      0.00,      0.00,      0.00,      0.99
Test_727,      0.00,      0.93,      0.04,      0.03
Test_728,      0.01,      0.00,      0.98,      0.00
Test_729,      0.01,      0.01,      0.98,      0.01
Test_730,      0.04,      0.02,      0.93,      0.01
Test_731,      0.06,      0.09,      0.84,      0.01
Test_732,      0.00,      0.98,      0.02,      0.00
Test_733,      0.00,      0.97,      0.02,      0.00
Test_734,      1.00,      0.00,      0.00,      0.00
Test_735,      1.00,      0.00,      0.00,      0.00
Test_736,      0.97,      0.03,      0.00,      0.00
Test_737,      0.09,      0.02,      0.01,      0.88
Test_738,      1.00,      0.00,      0.00,      0.00
Test_739,      0.00,      0.01,      0.99,      0.00
Test_740,      0.01,      0.00,      0.00,      0.99
Test_741,      0.00,      0.00,      0.00,      1.00
Test_742,      0.01,      0.01,      0.00,      0.98
Test_743,      0.00,      0.00,      1.00,      0.00
Test_744,      0.97,      0.01,      0.00,      0.02
Test_745,      0.99,      0.00,      0.00,      0.00
Test_746,      0.00,      0.00,      0.99,      0.00
Test_747,      1.00,      0.00,      0.00,      0.00
Test_748,      0.01,      0.44,      0.02,      0.53
Test_749,      0.00,      0.00,      0.00,      1.00
Test_750,      0.52,      0.40,      0.00,      0.08
Test_751,      0.01,      0.10,      0.89,      0.01
Test_752,      0.09,      0.00,      0.00,      0.91
Test_753,      0.00,      0.00,      1.00,      0.00
Test_754,      0.22,      0.14,      0.42,      0.23
Test_755,      0.99,      0.00,      0.00,      0.01
Test_756,      1.00,      0.00,      0.00,      0.00
Test_757,      0.30,      0.00,      0.00,      0.69
Test_758,      0.98,      0.00,      0.01,      0.01
Test_759,      0.69,      0.25,      0.01,      0.05
Test_760,      0.99,      0.00,      0.00,      0.00
Test_761,      0.00,      0.02,      0.00,      0.98
Test_762,      0.31,      0.00,      0.69,      0.00
Test_763,      0.08,      0.01,      0.90,      0.01
Test_764,      1.00,      0.00,      0.00,      0.00
Test_765,      0.68,      0.29,      0.01,      0.02
Test_766,      0.00,      0.00,      0.00,      1.00
Test_767,      0.95,      0.02,      0.00,      0.03
Test_768,      0.01,      0.00,      0.00,      0.99
Test_769,      0.01,      0.00,      0.99,      0.00
Test_770,      0.00,      0.00,      0.00,      1.00
Test_771,      0.00,      0.01,      0.99,      0.00
Test_772,      0.31,      0.09,      0.04,      0.57
Test_773,      0.03,      0.35,      0.61,      0.01
Test_774,      0.01,      0.00,      0.00,      0.99
Test_775,      0.01,      0.01,      0.98,      0.00
Test_776,      1.00,      0.00,      0.00,      0.00
Test_777,      1.00,      0.00,      0.00,      0.00
Test_778,      0.92,      0.03,      0.04,      0.00
Test_779,      0.01,      0.00,      0.00,      0.99
Test_780,      1.00,      0.00,      0.00,      0.00
Test_781,      1.00,      0.00,      0.00,      0.00
Test_782,      0.00,      0.00,      1.00,      0.00
Test_783,      0.00,      0.01,      0.99,      0.00
Test_784,      0.00,      0.00,      0.99,      0.00
Test_785,      1.00,      0.00,      0.00,      0.00
Test_786,      0.01,      0.00,      0.99,      0.00
Test_787,      0.00,      0.00,      1.00,      0.00
Test_788,      0.87,      0.00,      0.00,      0.12
Test_789,      0.01,      0.02,      0.96,      0.01
Test_790,      0.00,      0.78,      0.02,      0.20
Test_791,      0.18,      0.00,      0.00,      0.82
Test_792,      0.00,      0.00,      0.99,      0.00
Test_793,      0.00,      0.00,      0.99,      0.00
Test_794,      0.08,      0.49,      0.34,      0.09
Test_795,      0.06,      0.00,      0.00,      0.94
Test_796,      0.00,      0.00,      0.99,      0.00
Test_797,      1.00,      0.00,      0.00,      0.00
Test_798,      0.03,      0.80,      0.16,      0.01
Test_799,      0.00,      0.00,      1.00,      0.00
Test_800,      0.00,      0.00,      1.00,      0.00
Test_801,      0.00,      0.00,      1.00,      0.00
Test_802,      0.05,      0.07,      0.86,      0.01
Test_803,      0.47,      0.02,      0.01,      0.50
Test_804,      0.04,      0.46,      0.48,      0.02
Test_805,      0.00,      0.00,      1.00,      0.00
Test_806,      0.07,      0.86,      0.01,      0.07
Test_807,      0.00,      1.00,      0.00,      0.00
Test_808,      1.00,      0.00,      0.00,      0.00
Test_809,      0.98,      0.00,      0.00,      0.01
Test_810,      0.00,      0.00,      1.00,      0.00
Test_811,      0.99,      0.00,      0.00,      0.00
Test_812,      0.00,      0.02,      0.98,      0.00
Test_813,      1.00,      0.00,      0.00,      0.00
Test_814,      0.01,      0.00,      0.00,      0.99
Test_815,      0.00,      0.00,      0.00,      1.00
Test_816,      0.01,      0.55,      0.01,      0.43
Test_817,      0.01,      0.62,      0.38,      0.00
Test_818,      0.03,      0.00,      0.00,      0.96
Test_819,      0.02,      0.01,      0.96,      0.01
Test_820,      1.00,      0.00,      0.00,      0.00
Test_821,      0.00,      0.00,      0.00,      1.00
Test_822,      0.02,      0.90,      0.06,      0.03
Test_823,      1.00,      0.00,      0.00,      0.00
Test_824,      1.00,      0.00,      0.00,      0.00
Test_825,      0.00,      0.12,      0.86,      0.02
Test_826,      0.00,      0.00,      1.00,      0.00
Test_827,      0.01,      0.01,      0.98,      0.00
Test_828,      0.01,      0.01,      0.98,      0.00
Test_829,      0.00,      0.00,      0.00,      1.00
Test_830,      0.00,      0.00,      1.00,      0.00
Test_831,      0.00,      0.01,      0.99,      0.00
Test_832,      0.99,      0.00,      0.00,      0.01
Test_833,      0.00,      0.00,      1.00,      0.00
Test_834,      0.01,      0.01,      0.98,      0.01
Test_835,      0.00,      0.00,      1.00,      0.00
Test_836,      0.98,      0.01,      0.00,      0.01
Test_837,      0.53,      0.01,      0.01,      0.45
Test_838,      0.00,      0.07,      0.00,      0.93
Test_839,      0.00,      0.00,      1.00,      0.00
Test_840,      0.00,      0.00,      1.00,      0.00
Test_841,      0.00,      0.00,      0.00,      0.99
Test_842,      1.00,      0.00,      0.00,      0.00
Test_843,      0.00,      0.00,      0.99,      0.00
Test_844,      0.09,      0.04,      0.87,      0.01
Test_845,      0.00,      0.00,      0.99,      0.00
Test_846,      0.04,      0.04,      0.04,      0.89
Test_847,      0.20,      0.09,      0.69,      0.02
Test_848,      0.02,      0.01,      0.97,      0.00
Test_849,      0.00,      0.00,      0.00,      1.00
Test_850,      0.00,      0.00,      1.00,      0.00
Test_851,      0.77,      0.00,      0.01,      0.21
Test_852,      0.00,      0.00,      1.00,      0.00
Test_853,      0.00,      0.07,      0.93,      0.00
Test_854,      0.01,      0.00,      0.00,      0.99
Test_855,      0.16,      0.00,      0.00,      0.83
Test_856,      1.00,      0.00,      0.00,      0.00
Test_857,      0.00,      0.00,      0.99,      0.00
Test_858,      0.00,      0.05,      0.95,      0.00
Test_859,      0.01,      0.00,      0.00,      0.99
Test_860,      1.00,      0.00,      0.00,      0.00
Test_861,      0.00,      0.00,      0.99,      0.00
Test_862,      0.03,      0.14,      0.81,      0.02
Test_863,      0.10,      0.18,      0.01,      0.72
Test_864,      0.01,      0.02,      0.97,      0.00
Test_865,      0.00,      0.00,      1.00,      0.00
Test_866,      0.01,      0.00,      0.98,      0.01
Test_867,      0.06,      0.33,      0.59,      0.02
Test_868,      0.00,      0.00,      1.00,      0.00
Test_869,      0.13,      0.03,      0.01,      0.83
Test_870,      0.25,      0.07,      0.00,      0.67
Test_871,      0.01,      0.00,      0.00,      0.98
Test_872,      0.01,      0.04,      0.00,      0.95
Test_873,      0.01,      0.01,      0.00,      0.98
Test_874,      0.81,      0.01,      0.01,      0.18
Test_875,      0.00,      0.38,      0.00,      0.61
Test_876,      0.05,      0.08,      0.01,      0.85
Test_877,      0.99,      0.00,      0.00,      0.00
Test_878,      1.00,      0.00,      0.00,      0.00
Test_879,      0.01,      0.00,      0.99,      0.00
Test_880,      0.00,      0.00,      1.00,      0.00
Test_881,      0.03,      0.02,      0.94,      0.00
Test_882,      0.02,      0.04,      0.95,      0.00
Test_883,      0.02,      0.06,      0.08,      0.84
Test_884,      0.30,      0.58,      0.01,      0.11
Test_885,      0.53,      0.20,      0.27,      0.00
Test_886,      1.00,      0.00,      0.00,      0.00
Test_887,      0.84,      0.09,      0.07,      0.00
Test_888,      0.00,      0.00,      0.99,      0.00
Test_889,      0.01,      0.00,      0.98,      0.00
Test_890,      0.00,      0.00,      1.00,      0.00
Test_891,      0.00,      0.00,      0.00,      1.00
Test_892,      0.00,      0.00,      0.99,      0.00
Test_893,      0.32,      0.01,      0.30,      0.38
Test_894,      0.00,      0.00,      0.00,      1.00
Test_895,      1.00,      0.00,      0.00,      0.00
Test_896,      0.31,      0.66,      0.00,      0.03
Test_897,      1.00,      0.00,      0.00,      0.00
Test_898,      0.02,      0.00,      0.02,      0.95
Test_899,      0.00,      0.00,      1.00,      0.00
Test_900,      0.01,      0.01,      0.00,      0.99
Test_901,      0.01,      0.92,      0.06,      0.00
Test_902,      1.00,      0.00,      0.00,      0.00
Test_903,      0.00,      0.00,      0.99,      0.00
Test_904,      0.99,      0.01,      0.00,      0.00
Test_905,      0.03,      0.02,      0.95,      0.01
Test_906,      0.18,      0.00,      0.82,      0.00
Test_907,      0.02,      0.00,      0.00,      0.97
Test_908,      0.00,      0.00,      0.00,      1.00
Test_909,      1.00,      0.00,      0.00,      0.00
Test_910,      0.00,      0.22,      0.78,      0.00
Test_911,      0.02,      0.00,      0.00,      0.98
Test_912,      0.01,      0.16,      0.83,      0.01
Test_913,      0.02,      0.00,      0.98,      0.00
Test_914,      0.00,      0.00,      0.00,      1.00
Test_915,      0.01,      0.01,      0.98,      0.00
Test_916,      0.01,      0.00,      0.01,      0.98
Test_917,      0.00,      0.00,      0.99,      0.00
Test_918,      0.00,      0.00,      1.00,      0.00
Test_919,      0.93,      0.00,      0.00,      0.06
Test_920,      0.00,      0.00,      0.99,      0.00
Test_921,      0.02,      0.98,      0.00,      0.01
Test_922,      1.00,      0.00,      0.00,      0.00
Test_923,      0.01,      0.97,      0.02,      0.00
Test_924,      0.02,      0.03,      0.02,      0.93
Test_925,      1.00,      0.00,      0.00,      0.00
Test_926,      0.00,      0.00,      1.00,      0.00
Test_927,      1.00,      0.00,      0.00,      0.00
Test_928,      0.00,      0.00,      1.00,      0.00
Test_929,      0.17,      0.05,      0.02,      0.76
Test_930,      0.09,      0.90,      0.01,      0.01
Test_931,      1.00,      0.00,      0.00,      0.00
Test_932,      0.01,      0.90,      0.06,      0.03
Test_933,      1.00,      0.00,      0.00,      0.00
Test_934,      0.00,      0.04,      0.96,      0.00
Test_935,      0.01,      0.01,      0.98,      0.01
Test_936,      0.01,      0.00,      0.00,      0.99
Test_937,      0.16,      0.02,      0.82,      0.00
Test_938,      0.03,      0.01,      0.00,      0.96
Test_939,      1.00,      0.00,      0.00,      0.00
Test_940,      0.00,      0.00,      0.00,      1.00
Test_941,      0.04,      0.00,      0.00,      0.96
Test_942,      0.00,      0.86,      0.00,      0.13
Test_943,      0.01,      0.01,      0.98,      0.00
Test_944,      0.03,      0.00,      0.97,      0.00
Test_945,      1.00,      0.00,      0.00,      0.00
Test_946,      0.00,      0.01,      0.99,      0.00
Test_947,      0.00,      0.00,      0.00,      1.00
Test_948,      1.00,      0.00,      0.00,      0.00
Test_949,      1.00,      0.00,      0.00,      0.00
Test_950,      0.01,      0.00,      0.00,      0.99
Test_951,      0.00,      0.00,      0.99,      0.00
Test_952,      0.05,      0.00,      0.00,      0.95
Test_953,      0.00,      0.00,      0.00,      1.00
Test_954,      1.00,      0.00,      0.00,      0.00
Test_955,      1.00,      0.00,      0.00,      0.00
Test_956,      0.00,      0.00,      0.00,      0.99
Test_957,      0.27,      0.05,      0.67,      0.00
Test_958,      0.01,      0.02,      0.00,      0.98
Test_959,      0.00,      0.00,      1.00,      0.00
Test_960,      0.00,      0.00,      0.99,      0.00
Test_961,      1.00,      0.00,      0.00,      0.00
Test_962,      0.99,      0.01,      0.00,      0.00
Test_963,      1.00,      0.00,      0.00,      0.00
Test_964,      0.03,      0.01,      0.95,      0.01
Test_965,      1.00,      0.00,      0.00,      0.00
Test_966,      0.22,      0.65,      0.11,      0.01
Test_967,      0.02,      0.00,      0.97,      0.01
Test_968,      0.01,      0.00,      0.98,      0.01
Test_969,      0.00,      0.00,      0.99,      0.00
Test_970,      1.00,      0.00,      0.00,      0.00
Test_971,      0.00,      0.01,      0.00,      0.99
Test_972,      0.00,      0.00,      1.00,      0.00
Test_973,      0.00,      0.00,      1.00,      0.00
Test_974,      0.93,      0.02,      0.02,      0.03
Test_975,      1.00,      0.00,      0.00,      0.00
Test_976,      0.00,      0.00,      1.00,      0.00
Test_977,      0.02,      0.02,      0.01,      0.95
Test_978,      0.00,      0.00,      1.00,      0.00
Test_979,      1.00,      0.00,      0.00,      0.00
Test_980,      0.01,      0.03,      0.02,      0.94
Test_981,      0.06,      0.00,      0.00,      0.94
Test_982,      1.00,      0.00,      0.00,      0.00
Test_983,      0.01,      0.81,      0.17,      0.00
Test_984,      0.00,      0.00,      0.00,      0.99
Test_985,      0.00,      0.06,      0.01,      0.93
Test_986,      0.00,      0.00,      0.00,      1.00
Test_987,      0.00,      0.96,      0.01,      0.03
Test_988,      1.00,      0.00,      0.00,      0.00
Test_989,      1.00,      0.00,      0.00,      0.00
Test_990,      0.32,      0.21,      0.04,      0.43
Test_991,      0.00,      1.00,      0.00,      0.00
Test_992,      0.40,      0.02,      0.03,      0.54
Test_993,      0.90,      0.01,      0.02,      0.07
Test_994,      0.08,      0.56,      0.00,      0.36
Test_995,      0.00,      0.81,      0.19,      0.00
Test_996,      0.00,      0.02,      0.98,      0.00
Test_997,      0.01,      0.00,      0.98,      0.01
Test_998,      0.00,      0.00,      1.00,      0.00
Test_999,      0.00,      0.00,      0.99,      0.00
Test_1000,      0.00,      0.00,      1.00,      0.00
Test_1001,      0.16,      0.08,      0.07,      0.69
Test_1002,      0.01,      0.00,      0.99,      0.00
Test_1003,      0.10,      0.01,      0.01,      0.88
Test_1004,      0.01,      0.00,      0.00,      0.98
Test_1005,      1.00,      0.00,      0.00,      0.00
Test_1006,      0.29,      0.55,      0.13,      0.02
Test_1007,      0.04,      0.04,      0.00,      0.92
Test_1008,      1.00,      0.00,      0.00,      0.00
Test_1009,      0.03,      0.00,      0.97,      0.00
Test_1010,      0.00,      0.00,      0.99,      0.00
Test_1011,      0.00,      0.00,      1.00,      0.00
Test_1012,      0.00,      0.00,      0.00,      1.00
Test_1013,      0.00,      0.00,      1.00,      0.00
Test_1014,      0.00,      0.00,      1.00,      0.00
Test_1015,      0.97,      0.01,      0.00,      0.02
Test_1016,      0.29,      0.00,      0.71,      0.00
Test_1017,      0.01,      0.00,      0.99,      0.00
Test_1018,      0.00,      0.00,      0.00,      1.00
Test_1019,      0.04,      0.42,      0.53,      0.02
Test_1020,      0.00,      0.00,      0.99,      0.00
Test_1021,      0.00,      0.00,      1.00,      0.00
Test_1022,      0.00,      0.00,      1.00,      0.00
Test_1023,      1.00,      0.00,      0.00,      0.00
Test_1024,      0.99,      0.01,      0.00,      0.01
Test_1025,      0.00,      0.00,      0.00,      1.00
Test_1026,      0.99,      0.00,      0.00,      0.00
Test_1027,      0.01,      0.00,      0.00,      0.99
Test_1028,      1.00,      0.00,      0.00,      0.00
Test_1029,      0.99,      0.00,      0.00,      0.00
Test_1030,      0.90,      0.00,      0.08,      0.02
Test_1031,      0.01,      0.00,      0.00,      0.99
Test_1032,      0.63,      0.00,      0.00,      0.36
Test_1033,      0.00,      0.00,      0.99,      0.00
Test_1034,      0.00,      0.01,      0.99,      0.00
Test_1035,      0.02,      0.00,      0.97,      0.00
Test_1036,      1.00,      0.00,      0.00,      0.00
Test_1037,      0.02,      0.00,      0.97,      0.00
Test_1038,      0.00,      0.00,      0.00,      1.00
Test_1039,      0.09,      0.00,      0.00,      0.90
Test_1040,      0.04,      0.03,      0.00,      0.93
Test_1041,      0.00,      0.00,      1.00,      0.00
Test_1042,      0.08,      0.71,      0.20,      0.01
Test_1043,      0.00,      0.00,      1.00,      0.00
Test_1044,      0.04,      0.45,      0.01,      0.50
Test_1045,      0.46,      0.01,      0.53,      0.00
Test_1046,      0.93,      0.01,      0.00,      0.06
Test_1047,      1.00,      0.00,      0.00,      0.00
Test_1048,      0.01,      0.00,      0.00,      0.99
Test_1049,      0.03,      0.00,      0.00,      0.97
Test_1050,      0.04,      0.26,      0.68,      0.02
Test_1051,      0.98,      0.00,      0.00,      0.01
Test_1052,      0.31,      0.01,      0.01,      0.67
Test_1053,      0.00,      0.00,      0.99,      0.00
Test_1054,      1.00,      0.00,      0.00,      0.00
Test_1055,      0.03,      0.03,      0.28,      0.66
Test_1056,      0.01,      0.01,      0.98,      0.01
Test_1057,      0.90,      0.00,      0.00,      0.10
Test_1058,      1.00,      0.00,      0.00,      0.00
Test_1059,      0.24,      0.71,      0.03,      0.03
Test_1060,      0.00,      0.00,      0.00,      0.99
Test_1061,      0.97,      0.02,      0.00,      0.01
Test_1062,      1.00,      0.00,      0.00,      0.00
Test_1063,      0.01,      0.00,      0.99,      0.00
Test_1064,      0.00,      0.01,      0.00,      0.99
Test_1065,      1.00,      0.00,      0.00,      0.00
Test_1066,      0.02,      0.00,      0.00,      0.98
Test_1067,      0.42,      0.57,      0.01,      0.01
Test_1068,      0.00,      0.03,      0.00,      0.97
Test_1069,      0.01,      0.00,      0.99,      0.00
Test_1070,      0.91,      0.07,      0.02,      0.00
Test_1071,      0.00,      0.01,      0.99,      0.00
Test_1072,      0.24,      0.59,      0.01,      0.16
Test_1073,      0.01,      0.01,      0.00,      0.98
Test_1074,      0.00,      0.00,      1.00,      0.00
Test_1075,      0.00,      0.00,      1.00,      0.00
Test_1076,      0.38,      0.04,      0.01,      0.57
Test_1077,      0.96,      0.03,      0.00,      0.00
Test_1078,      0.00,      0.00,      1.00,      0.00
Test_1079,      0.00,      0.00,      1.00,      0.00
Test_1080,      0.79,      0.17,      0.02,      0.02
Test_1081,      0.01,      0.10,      0.89,      0.00
Test_1082,      0.00,      0.00,      0.00,      1.00
Test_1083,      1.00,      0.00,      0.00,      0.00
Test_1084,      0.00,      0.96,      0.04,      0.00
Test_1085,      0.00,      0.00,      0.00,      1.00
Test_1086,      0.00,      0.00,      1.00,      0.00
Test_1087,      0.01,      0.00,      0.00,      0.99
Test_1088,      0.00,      0.00,      0.99,      0.00
Test_1089,      0.58,      0.09,      0.00,      0.32
Test_1090,      0.94,      0.00,      0.00,      0.05
Test_1091,      1.00,      0.00,      0.00,      0.00
Test_1092,      0.99,      0.01,      0.00,      0.00
Test_1093,      0.00,      0.00,      0.00,      1.00
Test_1094,      1.00,      0.00,      0.00,      0.00
Test_1095,      0.00,      0.00,      0.00,      1.00
Test_1096,      0.00,      0.00,      0.00,      1.00
Test_1097,      0.99,      0.00,      0.00,      0.01
Test_1098,      0.99,      0.01,      0.00,      0.00
Test_1099,      0.00,      0.01,      0.00,      0.98
Test_1100,      0.00,      0.00,      0.99,      0.00
Test_1101,      0.99,      0.00,      0.00,      0.00
Test_1102,      0.00,      0.00,      0.99,      0.00
Test_1103,      0.00,      0.64,      0.03,      0.33
Test_1104,      0.75,      0.14,      0.01,      0.11
Test_1105,      0.00,      0.00,      0.00,      1.00
Test_1106,      1.00,      0.00,      0.00,      0.00
Test_1107,      0.12,      0.05,      0.82,      0.01
Test_1108,      0.99,      0.01,      0.00,      0.00
Test_1109,      0.99,      0.00,      0.00,      0.01
Test_1110,      0.01,      0.01,      0.98,      0.00
Test_1111,      0.00,      0.01,      0.98,      0.01
Test_1112,      0.99,      0.01,      0.00,      0.00
Test_1113,      0.00,      0.00,      1.00,      0.00
Test_1114,      0.01,      0.00,      0.99,      0.00
Test_1115,      0.00,      0.00,      0.99,      0.00
Test_1116,      0.08,      0.66,      0.26,      0.01
Test_1117,      1.00,      0.00,      0.00,      0.00
Test_1118,      0.00,      0.00,      1.00,      0.00
Test_1119,      0.00,      0.00,      0.00,      0.99
Test_1120,      0.00,      0.00,      0.99,      0.00
Test_1121,      0.01,      0.15,      0.84,      0.01
Test_1122,      0.01,      0.00,      0.00,      0.99
Test_1123,      1.00,      0.00,      0.00,      0.00
Test_1124,      0.01,      0.00,      0.98,      0.00
Test_1125,      0.48,      0.00,      0.00,      0.52
Test_1126,      0.98,      0.01,      0.00,      0.00
Test_1127,      0.03,      0.00,      0.00,      0.97
Test_1128,      0.54,      0.04,      0.41,      0.01
Test_1129,      0.02,      0.01,      0.97,      0.01
Test_1130,      0.00,      0.00,      0.00,      1.00
Test_1131,      1.00,      0.00,      0.00,      0.00
Test_1132,      0.02,      0.01,      0.97,      0.00
Test_1133,      0.80,      0.03,      0.02,      0.15
Test_1134,      0.00,      0.00,      0.99,      0.00
Test_1135,      0.99,      0.00,      0.00,      0.00
Test_1136,      0.00,      0.00,      0.00,      1.00
Test_1137,      0.99,      0.00,      0.00,      0.00
Test_1138,      0.04,      0.43,      0.00,      0.52
Test_1139,      0.06,      0.41,      0.50,      0.02
Test_1140,      0.06,      0.91,      0.01,      0.03
Test_1141,      0.01,      0.00,      0.00,      0.99
Test_1142,      0.00,      0.00,      1.00,      0.00
Test_1143,      0.01,      0.01,      0.98,      0.00
Test_1144,      0.00,      0.00,      1.00,      0.00
Test_1145,      0.77,      0.03,      0.02,      0.18
Test_1146,      0.00,      0.00,      1.00,      0.00
Test_1147,      0.02,      0.00,      0.00,      0.98
Test_1148,      0.01,      0.00,      0.99,      0.00
Test_1149,      0.54,      0.39,      0.04,      0.02
Test_1150,      0.09,      0.01,      0.02,      0.88
Test_1151,      1.00,      0.00,      0.00,      0.00
Test_1152,      1.00,      0.00,      0.00,      0.00
Test_1153,      0.00,      0.00,      0.00,      1.00
Test_1154,      0.00,      0.00,      0.99,      0.01
Test_1155,      0.00,      0.02,      0.97,      0.00
Test_1156,      0.04,      0.00,      0.00,      0.96
Test_1157,      0.00,      0.00,      0.00,      0.99
Test_1158,      0.01,      0.05,      0.93,      0.01
Test_1159,      0.00,      0.00,      1.00,      0.00
Test_1160,      1.00,      0.00,      0.00,      0.00
Test_1161,      0.00,      0.00,      1.00,      0.00
Test_1162,      0.00,      0.00,      0.00,      1.00
Test_1163,      0.99,      0.01,      0.00,      0.00
Test_1164,      0.01,      0.00,      0.99,      0.00
Test_1165,      0.03,      0.01,      0.97,      0.00
Test_1166,      0.00,      0.99,      0.00,      0.01
Test_1167,      0.00,      0.09,      0.90,      0.00
Test_1168,      0.00,      0.00,      0.99,      0.00
Test_1169,      0.02,      0.00,      0.00,      0.97
Test_1170,      0.98,      0.00,      0.00,      0.01
Test_1171,      0.00,      0.00,      0.00,      1.00
Test_1172,      1.00,      0.00,      0.00,      0.00
Test_1173,      0.07,      0.50,      0.41,      0.02
Test_1174,      0.00,      0.00,      0.00,      0.99
Test_1175,      0.00,      0.00,      0.99,      0.00
Test_1176,      0.03,      0.01,      0.00,      0.96
Test_1177,      1.00,      0.00,      0.00,      0.00
Test_1178,      1.00,      0.00,      0.00,      0.00
Test_1179,      0.00,      0.00,      0.99,      0.00
Test_1180,      0.98,      0.00,      0.00,      0.02
Test_1181,      0.00,      0.00,      1.00,      0.00
Test_1182,      0.00,      0.00,      0.00,      1.00
Test_1183,      0.03,      0.86,      0.03,      0.08
Test_1184,      0.00,      0.00,      1.00,      0.00
Test_1185,      0.07,      0.67,      0.24,      0.03
Test_1186,      0.00,      0.00,      1.00,      0.00
Test_1187,      0.04,      0.00,      0.00,      0.95
Test_1188,      0.37,      0.37,      0.01,      0.25
Test_1189,      0.04,      0.12,      0.09,      0.75
Test_1190,      0.08,      0.64,      0.18,      0.10
Test_1191,      0.03,      0.74,      0.00,      0.22
Test_1192,      0.00,      0.00,      1.00,      0.00
Test_1193,      0.01,      0.59,      0.39,      0.01
Test_1194,      1.00,      0.00,      0.00,      0.00
Test_1195,      1.00,      0.00,      0.00,      0.00
Test_1196,      0.02,      0.01,      0.00,      0.97
Test_1197,      0.41,      0.00,      0.00,      0.58
Test_1198,      0.00,      0.00,      0.99,      0.00
Test_1199,      0.00,      0.01,      0.99,      0.00
Test_1200,      0.68,      0.13,      0.17,      0.02
Test_1201,      0.04,      0.63,      0.03,      0.30
Test_1202,      0.01,      0.01,      0.01,      0.97
Test_1203,      1.00,      0.00,      0.00,      0.00
Test_1204,      0.04,      0.39,      0.54,      0.03
Test_1205,      0.00,      0.00,      0.99,      0.00
Test_1206,      0.01,      0.00,      0.99,      0.00
Test_1207,      0.00,      0.00,      0.00,      1.00
Test_1208,      0.00,      0.00,      0.00,      1.00
Test_1209,      0.00,      0.00,      1.00,      0.00
Test_1210,      0.01,      0.00,      0.00,      0.99
Test_1211,      0.01,      0.74,      0.00,      0.25
Test_1212,      0.75,      0.01,      0.02,      0.22
Test_1213,      0.00,      0.00,      0.00,      1.00
Test_1214,      0.00,      0.00,      0.00,      1.00
Test_1215,      0.03,      0.00,      0.00,      0.97
Test_1216,      0.00,      0.00,      1.00,      0.00
Test_1217,      0.00,      0.34,      0.01,      0.64
Test_1218,      0.01,      0.00,      0.00,      0.99
Test_1219,      0.00,      0.00,      1.00,      0.00
Test_1220,      0.07,      0.00,      0.00,      0.93
Test_1221,      0.99,      0.01,      0.00,      0.00
Test_1222,      0.02,      0.60,      0.37,      0.01
Test_1223,      0.99,      0.01,      0.00,      0.00
Test_1224,      0.02,      0.25,      0.73,      0.00
Test_1225,      0.01,      0.01,      0.97,      0.01
Test_1226,      0.00,      0.00,      1.00,      0.00
Test_1227,      0.00,      0.00,      1.00,      0.00
Test_1228,      0.00,      0.00,      0.99,      0.00
Test_1229,      1.00,      0.00,      0.00,      0.00
Test_1230,      0.15,      0.01,      0.82,      0.01
Test_1231,      1.00,      0.00,      0.00,      0.00
Test_1232,      1.00,      0.00,      0.00,      0.00
Test_1233,      0.00,      0.35,      0.65,      0.00
Test_1234,      0.00,      0.00,      1.00,      0.00
Test_1235,      1.00,      0.00,      0.00,      0.00
Test_1236,      0.00,      0.00,      0.00,      1.00
Test_1237,      0.00,      0.99,      0.00,      0.00
Test_1238,      0.04,      0.44,      0.49,      0.02
Test_1239,      0.25,      0.00,      0.00,      0.75
Test_1240,      0.01,      0.00,      0.99,      0.00
Test_1241,      1.00,      0.00,      0.00,      0.00
Test_1242,      0.01,      0.00,      0.00,      0.99
Test_1243,      0.02,      0.01,      0.96,      0.01
Test_1244,      0.00,      0.00,      0.00,      1.00
Test_1245,      0.01,      0.01,      0.00,      0.98
Test_1246,      0.01,      0.03,      0.00,      0.96
Test_1247,      0.00,      0.00,      1.00,      0.00
Test_1248,      0.00,      0.77,      0.23,      0.00
Test_1249,      0.00,      0.00,      0.99,      0.00
Test_1250,      0.01,      0.00,      0.05,      0.94
Test_1251,      0.00,      0.00,      0.00,      1.00
Test_1252,      0.00,      0.00,      1.00,      0.00
Test_1253,      0.00,      0.00,      0.00,      1.00
Test_1254,      1.00,      0.00,      0.00,      0.00
Test_1255,      0.01,      0.98,      0.00,      0.01
Test_1256,      0.00,      0.99,      0.00,      0.00
Test_1257,      0.00,      0.00,      0.00,      1.00
Test_1258,      1.00,      0.00,      0.00,      0.00
Test_1259,      1.00,      0.00,      0.00,      0.00
Test_1260,      0.76,      0.00,      0.01,      0.22
Test_1261,      0.00,      0.00,      0.99,      0.00
Test_1262,      0.71,      0.02,      0.02,      0.26
Test_1263,      0.00,      0.00,      0.99,      0.00
Test_1264,      0.87,      0.04,      0.00,      0.08
Test_1265,      0.10,      0.01,      0.00,      0.89
Test_1266,      0.00,      0.00,      0.99,      0.00
Test_1267,      0.59,      0.00,      0.00,      0.41
Test_1268,      0.01,      0.01,      0.99,      0.00
Test_1269,      0.00,      0.02,      0.98,      0.00
Test_1270,      0.00,      0.00,      0.99,      0.00
Test_1271,      0.01,      0.00,      0.00,      0.99
Test_1272,      0.00,      0.00,      1.00,      0.00
Test_1273,      1.00,      0.00,      0.00,      0.00
Test_1274,      0.00,      0.00,      0.00,      1.00
Test_1275,      0.01,      0.01,      0.97,      0.01
Test_1276,      0.01,      0.00,      0.00,      0.99
Test_1277,      0.01,      0.01,      0.98,      0.00
Test_1278,      1.00,      0.00,      0.00,      0.00
Test_1279,      0.06,      0.00,      0.00,      0.94
Test_1280,      0.00,      0.00,      1.00,      0.00
Test_1281,      0.40,      0.12,      0.45,      0.03
Test_1282,      1.00,      0.00,      0.00,      0.00
Test_1283,      0.02,      0.00,      0.98,      0.00
Test_1284,      0.14,      0.72,      0.01,      0.14
Test_1285,      0.53,      0.47,      0.00,      0.00
Test_1286,      0.99,      0.00,      0.00,      0.00
Test_1287,      1.00,      0.00,      0.00,      0.00
Test_1288,      1.00,      0.00,      0.00,      0.00
Test_1289,      0.00,      0.00,      0.00,      1.00
Test_1290,      0.00,      0.16,      0.00,      0.83
Test_1291,      0.01,      0.01,      0.00,      0.98
Test_1292,      0.00,      0.00,      1.00,      0.00
Test_1293,      0.01,      0.03,      0.02,      0.94
Test_1294,      0.99,      0.00,      0.00,      0.00
Test_1295,      0.00,      0.00,      1.00,      0.00
Test_1296,      1.00,      0.00,      0.00,      0.00
Test_1297,      0.01,      0.02,      0.00,      0.97
Test_1298,      0.00,      0.00,      1.00,      0.00
Test_1299,      0.00,      0.00,      1.00,      0.00
Test_1300,      0.01,      0.01,      0.98,      0.00
Test_1301,      0.00,      0.99,      0.01,      0.00
Test_1302,      0.01,      0.00,      0.00,      0.99
Test_1303,      0.03,      0.00,      0.96,      0.00
Test_1304,      0.00,      0.45,      0.54,      0.01
Test_1305,      0.15,      0.35,      0.50,      0.00
Test_1306,      0.01,      0.00,      0.00,      0.99
Test_1307,      0.00,      0.00,      0.99,      0.00
Test_1308,      0.00,      0.00,      0.00,      0.99
Test_1309,      0.92,      0.04,      0.04,      0.00
Test_1310,      0.10,      0.54,      0.01,      0.35
Test_1311,      1.00,      0.00,      0.00,      0.00
Test_1312,      0.04,      0.03,      0.90,      0.03
Test_1313,      0.00,      0.00,      1.00,      0.00
Test_1314,      0.00,      0.00,      0.99,      0.00
Test_1315,      1.00,      0.00,      0.00,      0.00
Test_1316,      1.00,      0.00,      0.00,      0.00
Test_1317,      0.00,      0.00,      0.00,      1.00
Test_1318,      0.52,      0.14,      0.06,      0.29
Test_1319,      0.00,      0.00,      1.00,      0.00
Test_1320,      0.98,      0.00,      0.00,      0.01
Test_1321,      0.00,      0.07,      0.92,      0.00
Test_1322,      1.00,      0.00,      0.00,      0.00
Test_1323,      0.01,      0.00,      0.99,      0.00
Test_1324,      0.99,      0.01,      0.00,      0.00
Test_1325,      0.00,      0.11,      0.00,      0.89
Test_1326,      0.00,      0.00,      0.00,      1.00
Test_1327,      0.00,      0.00,      0.99,      0.01
Test_1328,      0.87,      0.01,      0.01,      0.11
Test_1329,      0.00,      0.00,      0.99,      0.00
Test_1330,      0.99,      0.00,      0.00,      0.01
Test_1331,      0.00,      0.01,      0.99,      0.00
Test_1332,      0.03,      0.00,      0.00,      0.96
Test_1333,      0.01,      0.06,      0.00,      0.92
Test_1334,      0.24,      0.01,      0.00,      0.75
Test_1335,      0.01,      0.01,      0.98,      0.00
Test_1336,      0.00,      0.00,      1.00,      0.00
Test_1337,      0.01,      0.01,      0.97,      0.00
Test_1338,      0.00,      0.00,      0.99,      0.00
Test_1339,      0.20,      0.74,      0.06,      0.00
Test_1340,      1.00,      0.00,      0.00,      0.00
Test_1341,      0.00,      0.00,      0.99,      0.00
Test_1342,      0.00,      0.00,      1.00,      0.00
Test_1343,      0.00,      0.00,      0.00,      1.00
Test_1344,      0.02,      0.01,      0.97,      0.01
Test_1345,      0.03,      0.02,      0.95,      0.00
Test_1346,      0.03,      0.00,      0.00,      0.97
Test_1347,      0.03,      0.02,      0.00,      0.95
Test_1348,      0.21,      0.62,      0.13,      0.03
Test_1349,      0.00,      0.01,      0.98,      0.00
Test_1350,      1.00,      0.00,      0.00,      0.00
Test_1351,      0.04,      0.08,      0.85,      0.02
Test_1352,      0.00,      0.02,      0.98,      0.00
Test_1353,      1.00,      0.00,      0.00,      0.00
Test_1354,      1.00,      0.00,      0.00,      0.00
Test_1355,      1.00,      0.00,      0.00,      0.00
Test_1356,      0.00,      0.00,      0.00,      1.00
Test_1357,      0.00,      0.00,      1.00,      0.00
Test_1358,      0.00,      0.00,      0.00,      0.99
Test_1359,      0.99,      0.00,      0.00,      0.00
Test_1360,      0.00,      0.00,      0.99,      0.00
Test_1361,      0.00,      0.00,      1.00,      0.00
Test_1362,      0.00,      0.00,      0.99,      0.00
Test_1363,      0.00,      0.01,      0.99,      0.00
Test_1364,      0.01,      0.37,      0.62,      0.00
Test_1365,      1.00,      0.00,      0.00,      0.00
Test_1366,      0.01,      0.00,      0.04,      0.95
Test_1367,      0.00,      0.00,      1.00,      0.00
Test_1368,      0.00,      0.01,      0.98,      0.01
Test_1369,      0.99,      0.00,      0.00,      0.00
Test_1370,      0.00,      0.00,      1.00,      0.00
Test_1371,      0.00,      0.02,      0.00,      0.98
Test_1372,      1.00,      0.00,      0.00,      0.00
Test_1373,      0.01,      0.01,      0.01,      0.96
Test_1374,      0.00,      0.00,      0.99,      0.00
Test_1375,      0.00,      0.85,      0.11,      0.03
Test_1376,      0.96,      0.03,      0.00,      0.00
Test_1377,      0.01,      0.31,      0.67,      0.01
Test_1378,      0.97,      0.00,      0.02,      0.00
Test_1379,      0.01,      0.98,      0.01,      0.00
Test_1380,      0.01,      0.95,      0.01,      0.02
Test_1381,      0.94,      0.06,      0.00,      0.00
Test_1382,      0.01,      0.01,      0.99,      0.00
Test_1383,      0.00,      0.00,      0.00,      1.00
Test_1384,      0.00,      0.00,      0.00,      0.99
Test_1385,      0.00,      0.00,      0.00,      0.99
Test_1386,      0.00,      0.01,      0.99,      0.00
Test_1387,      0.01,      0.04,      0.00,      0.95
Test_1388,      0.00,      0.00,      0.99,      0.00
Test_1389,      0.00,      0.01,      0.99,      0.00
Test_1390,      0.04,      0.67,      0.29,      0.00
Test_1391,      0.00,      0.00,      0.99,      0.00
Test_1392,      0.00,      0.00,      1.00,      0.00
Test_1393,      0.00,      0.00,      0.99,      0.00
Test_1394,      0.00,      0.01,      0.00,      0.99
Test_1395,      0.01,      0.01,      0.99,      0.00
Test_1396,      0.01,      0.00,      0.99,      0.00
Test_1397,      0.00,      0.01,      0.99,      0.00
Test_1398,      0.00,      0.00,      0.99,      0.00
Test_1399,      0.00,      0.00,      1.00,      0.00
Test_1400,      0.01,      0.00,      0.00,      0.99
Test_1401,      0.00,      0.00,      0.00,      1.00
Test_1402,      1.00,      0.00,      0.00,      0.00
Test_1403,      0.00,      0.31,      0.67,      0.01
Test_1404,      0.02,      0.00,      0.98,      0.01
Test_1405,      0.03,      0.09,      0.87,      0.01
Test_1406,      0.01,      0.00,      0.99,      0.00
Test_1407,      0.00,      0.26,      0.00,      0.74
Test_1408,      1.00,      0.00,      0.00,      0.00
Test_1409,      0.26,      0.04,      0.01,      0.69
Test_1410,      0.02,      0.01,      0.97,      0.00
Test_1411,      0.00,      0.00,      0.00,      1.00
Test_1412,      0.03,      0.01,      0.00,      0.96
Test_1413,      0.00,      0.00,      0.00,      1.00
Test_1414,      0.01,      0.00,      0.98,      0.00
Test_1415,      1.00,      0.00,      0.00,      0.00
Test_1416,      0.99,      0.01,      0.00,      0.00
Test_1417,      0.01,      0.00,      0.00,      0.99
Test_1418,      0.04,      0.02,      0.00,      0.94
Test_1419,      0.00,      0.00,      1.00,      0.00
Test_1420,      0.02,      0.01,      0.00,      0.97
Test_1421,      0.00,      0.00,      0.00,      1.00
Test_1422,      0.00,      0.01,      0.99,      0.00
Test_1423,      0.04,      0.01,      0.95,      0.00
Test_1424,      1.00,      0.00,      0.00,      0.00
Test_1425,      0.00,      0.00,      1.00,      0.00
Test_1426,      0.00,      0.00,      0.99,      0.00
Test_1427,      0.00,      0.00,      0.00,      0.99
Test_1428,      0.42,      0.29,      0.01,      0.27
Test_1429,      0.99,      0.01,      0.00,      0.00
Test_1430,      0.86,      0.09,      0.01,      0.05
Test_1431,      1.00,      0.00,      0.00,      0.00
Test_1432,      0.00,      0.00,      1.00,      0.00
Test_1433,      0.01,      0.00,      0.99,      0.00
Test_1434,      0.00,      0.00,      1.00,      0.00
Test_1435,      0.00,      0.00,      0.00,      1.00
Test_1436,      0.02,      0.50,      0.47,      0.01
Test_1437,      0.00,      0.00,      1.00,      0.00
Test_1438,      0.00,      0.00,      1.00,      0.00
Test_1439,      1.00,      0.00,      0.00,      0.00
Test_1440,      0.00,      0.46,      0.53,      0.01
Test_1441,      0.00,      0.00,      1.00,      0.00
Test_1442,      0.07,      0.81,      0.05,      0.06
Test_1443,      1.00,      0.00,      0.00,      0.00
Test_1444,      0.02,      0.01,      0.95,      0.01
Test_1445,      0.02,      0.00,      0.00,      0.97
Test_1446,      1.00,      0.00,      0.00,      0.00
Test_1447,      0.00,      0.00,      0.00,      0.99
Test_1448,      1.00,      0.00,      0.00,      0.00
Test_1449,      0.00,      0.18,      0.82,      0.00
Test_1450,      1.00,      0.00,      0.00,      0.00
Test_1451,      0.00,      0.01,      0.00,      0.99
Test_1452,      0.00,      0.00,      0.00,      1.00
Test_1453,      0.00,      0.00,      1.00,      0.00
Test_1454,      1.00,      0.00,      0.00,      0.00
Test_1455,      0.00,      0.00,      0.00,      0.99
Test_1456,      0.01,      0.00,      0.98,      0.00
Test_1457,      0.00,      0.00,      1.00,      0.00
Test_1458,      0.00,      0.00,      0.00,      0.99
Test_1459,      0.02,      0.94,      0.04,      0.00
Test_1460,      0.04,      0.00,      0.96,      0.00
Test_1461,      0.00,      0.00,      1.00,      0.00
Test_1462,      0.01,      0.01,      0.98,      0.00
Test_1463,      0.00,      0.00,      1.00,      0.00
Test_1464,      0.01,      0.73,      0.24,      0.02
Test_1465,      0.00,      0.00,      1.00,      0.00
Test_1466,      1.00,      0.00,      0.00,      0.00
Test_1467,      1.00,      0.00,      0.00,      0.00
Test_1468,      0.20,      0.01,      0.00,      0.79
Test_1469,      1.00,      0.00,      0.00,      0.00
Test_1470,      0.00,      0.00,      0.00,      1.00
Test_1471,      0.00,      0.01,      0.99,      0.00
Test_1472,      0.01,      0.00,      0.98,      0.00
Test_1473,      0.99,      0.00,      0.00,      0.00
Test_1474,      0.00,      0.01,      0.99,      0.00
Test_1475,      0.00,      0.01,      0.99,      0.00
Test_1476,      0.00,      0.00,      0.00,      1.00
Test_1477,      0.02,      0.03,      0.00,      0.94
Test_1478,      0.00,      0.00,      0.99,      0.00
Test_1479,      0.02,      0.01,      0.00,      0.97
Test_1480,      0.01,      0.00,      0.99,      0.00
Test_1481,      0.00,      0.00,      0.00,      0.99
Test_1482,      0.00,      0.01,      0.01,      0.97
Test_1483,      0.05,      0.01,      0.00,      0.94
Test_1484,      1.00,      0.00,      0.00,      0.00
Test_1485,      1.00,      0.00,      0.00,      0.00
Test_1486,      0.00,      0.00,      1.00,      0.00
Test_1487,      0.00,      0.00,      1.00,      0.00
Test_1488,      0.02,      0.02,      0.95,      0.00
Test_1489,      0.00,      0.00,      0.99,      0.00
Test_1490,      0.06,      0.00,      0.01,      0.93
Test_1491,      0.01,      0.01,      0.98,      0.00
Test_1492,      0.00,      0.00,      1.00,      0.00
Test_1493,      1.00,      0.00,      0.00,      0.00
Test_1494,      1.00,      0.00,      0.00,      0.00
Test_1495,      1.00,      0.00,      0.00,      0.00
Test_1496,      0.00,      0.00,      0.00,      1.00
Test_1497,      0.01,      0.00,      0.99,      0.00
Test_1498,      0.00,      0.01,      0.00,      0.99
Test_1499,      0.00,      0.00,      1.00,      0.00
Test_1500,      1.00,      0.00,      0.00,      0.00
Test_1501,      0.05,      0.47,      0.00,      0.47
Test_1502,      0.01,      0.02,      0.06,      0.91
Test_1503,      1.00,      0.00,      0.00,      0.00
Test_1504,      0.01,      0.01,      0.98,      0.00
Test_1505,      0.00,      0.02,      0.98,      0.00
Test_1506,      0.20,      0.78,      0.00,      0.02
Test_1507,      0.99,      0.00,      0.00,      0.00
Test_1508,      0.06,      0.01,      0.93,      0.00
Test_1509,      0.00,      0.00,      0.00,      1.00
Test_1510,      0.00,      0.06,      0.94,      0.00
Test_1511,      0.04,      0.05,      0.00,      0.90
Test_1512,      0.00,      0.00,      0.99,      0.00
Test_1513,      0.01,      0.00,      0.99,      0.00
Test_1514,      0.00,      0.01,      0.98,      0.00
Test_1515,      0.00,      0.00,      0.99,      0.00
Test_1516,      0.00,      0.00,      0.00,      1.00
Test_1517,      0.00,      0.00,      1.00,      0.00
Test_1518,      0.00,      0.72,      0.00,      0.28
Test_1519,      0.00,      0.00,      0.00,      1.00
Test_1520,      0.00,      0.00,      0.00,      1.00
Test_1521,      1.00,      0.00,      0.00,      0.00
Test_1522,      0.01,      0.06,      0.93,      0.00
Test_1523,      0.00,      0.00,      0.00,      1.00
Test_1524,      1.00,      0.00,      0.00,      0.00
Test_1525,      1.00,      0.00,      0.00,      0.00
Test_1526,      0.00,      0.00,      0.00,      1.00
Test_1527,      0.01,      0.00,      0.99,      0.00
Test_1528,      0.00,      0.00,      0.00,      1.00
Test_1529,      0.00,      0.00,      1.00,      0.00
Test_1530,      0.99,      0.00,      0.00,      0.00
Test_1531,      0.05,      0.27,      0.67,      0.01
Test_1532,      0.99,      0.00,      0.00,      0.00
Test_1533,      0.02,      0.01,      0.94,      0.04
Test_1534,      0.03,      0.07,      0.87,      0.04
Test_1535,      0.00,      0.00,      0.99,      0.00
Test_1536,      0.00,      0.51,      0.48,      0.00
Test_1537,      0.00,      0.00,      0.00,      1.00
Test_1538,      0.14,      0.01,      0.85,      0.00
Test_1539,      0.00,      0.00,      0.99,      0.00
Test_1540,      0.12,      0.44,      0.03,      0.42
Test_1541,      0.05,      0.02,      0.00,      0.93
Test_1542,      0.01,      0.01,      0.95,      0.02
Test_1543,      0.00,      0.00,      1.00,      0.00
Test_1544,      0.90,      0.03,      0.03,      0.04
Test_1545,      0.00,      0.00,      0.00,      1.00
Test_1546,      1.00,      0.00,      0.00,      0.00
Test_1547,      1.00,      0.00,      0.00,      0.00
Test_1548,      0.06,      0.29,      0.01,      0.64
Test_1549,      0.01,      0.00,      0.00,      0.99
Test_1550,      0.00,      0.00,      0.00,      1.00
Test_1551,      0.00,      0.00,      0.00,      1.00
Test_1552,      0.00,      0.00,      0.00,      1.00
Test_1553,      0.58,      0.00,      0.00,      0.42
Test_1554,      0.00,      0.05,      0.94,      0.00
Test_1555,      0.84,      0.01,      0.01,      0.14
Test_1556,      0.00,      0.00,      0.99,      0.00
Test_1557,      0.03,      0.00,      0.00,      0.97
Test_1558,      0.00,      0.00,      0.99,      0.00
Test_1559,      0.00,      0.00,      1.00,      0.00
Test_1560,      1.00,      0.00,      0.00,      0.00
Test_1561,      0.02,      0.06,      0.03,      0.89
Test_1562,      0.00,      0.00,      1.00,      0.00
Test_1563,      0.00,      0.00,      1.00,      0.00
Test_1564,      0.42,      0.03,      0.54,      0.01
Test_1565,      0.02,      0.51,      0.42,      0.06
Test_1566,      0.00,      0.00,      0.00,      1.00
Test_1567,      0.00,      0.00,      0.99,      0.00
Test_1568,      0.00,      0.00,      0.99,      0.00
Test_1569,      0.01,      0.00,      0.99,      0.00
Test_1570,      0.42,      0.01,      0.00,      0.57
Test_1571,      0.02,      0.04,      0.93,      0.01
Test_1572,      0.23,      0.01,      0.76,      0.00
Test_1573,      0.00,      0.00,      1.00,      0.00
Test_1574,      0.10,      0.02,      0.87,      0.01
Test_1575,      0.00,      0.05,      0.95,      0.00
Test_1576,      0.96,      0.02,      0.00,      0.02
Test_1577,      0.00,      0.00,      0.99,      0.00
Test_1578,      0.00,      0.00,      1.00,      0.00
Test_1579,      1.00,      0.00,      0.00,      0.00
Test_1580,      1.00,      0.00,      0.00,      0.00
Test_1581,      0.02,      0.00,      0.01,      0.98
Test_1582,      0.00,      0.01,      0.99,      0.00
Test_1583,      0.01,      0.00,      0.99,      0.00
Test_1584,      0.01,      0.01,      0.00,      0.99
Test_1585,      0.00,      0.00,      1.00,      0.00
Test_1586,      0.34,      0.00,      0.66,      0.00
Test_1587,      0.06,      0.00,      0.93,      0.00
Test_1588,      1.00,      0.00,      0.00,      0.00
Test_1589,      0.01,      0.01,      0.98,      0.01
Test_1590,      0.00,      0.06,      0.93,      0.00
Test_1591,      0.98,      0.01,      0.00,      0.01
Test_1592,      0.99,      0.00,      0.00,      0.01
Test_1593,      0.01,      0.00,      0.00,      0.98
Test_1594,      0.80,      0.00,      0.00,      0.19
Test_1595,      0.01,      0.08,      0.91,      0.00
Test_1596,      0.99,      0.00,      0.00,      0.00
Test_1597,      0.00,      0.00,      0.99,      0.00
Test_1598,      0.00,      0.01,      0.00,      0.99
Test_1599,      0.00,      0.29,      0.70,      0.00
Test_1600,      1.00,      0.00,      0.00,      0.00
Test_1601,      0.00,      0.00,      0.00,      1.00
Test_1602,      0.98,      0.01,      0.00,      0.01
Test_1603,      0.02,      0.00,      0.97,      0.00
Test_1604,      0.00,      0.00,      1.00,      0.00
Test_1605,      0.14,      0.00,      0.01,      0.85
Test_1606,      0.01,      0.99,      0.00,      0.00
Test_1607,      0.88,      0.01,      0.01,      0.10
Test_1608,      0.01,      0.11,      0.88,      0.00
Test_1609,      0.00,      0.77,      0.22,      0.01
Test_1610,      1.00,      0.00,      0.00,      0.00
Test_1611,      0.93,      0.00,      0.00,      0.07
Test_1612,      0.00,      0.04,      0.95,      0.01
Test_1613,      0.00,      0.99,      0.01,      0.00
Test_1614,      0.02,      0.09,      0.88,      0.01
Test_1615,      0.00,      0.00,      0.00,      1.00
Test_1616,      0.02,      0.01,      0.96,      0.01
Test_1617,      0.07,      0.01,      0.91,      0.01
Test_1618,      0.99,      0.01,      0.00,      0.01
Test_1619,      0.08,      0.00,      0.00,      0.92
Test_1620,      0.00,      0.00,      1.00,      0.00
Test_1621,      0.00,      0.05,      0.00,      0.95
Test_1622,      0.99,      0.00,      0.00,      0.00
Test_1623,      0.02,      0.06,      0.00,      0.93
Test_1624,      0.99,      0.01,      0.00,      0.00
Test_1625,      0.00,      0.00,      1.00,      0.00
Test_1626,      0.00,      0.00,      0.99,      0.00
Test_1627,      0.00,      0.60,      0.40,      0.00
Test_1628,      0.00,      0.00,      0.99,      0.00
Test_1629,      0.07,      0.18,      0.00,      0.75
Test_1630,      0.00,      0.00,      0.00,      1.00
Test_1631,      0.00,      0.00,      1.00,      0.00
Test_1632,      0.02,      0.00,      0.98,      0.00
Test_1633,      0.00,      0.00,      1.00,      0.00
Test_1634,      0.03,      0.03,      0.93,      0.01
Test_1635,      0.00,      0.00,      1.00,      0.00
Test_1636,      0.00,      0.04,      0.96,      0.00
Test_1637,      0.00,      0.00,      0.99,      0.00
Test_1638,      0.93,      0.05,      0.01,      0.01
Test_1639,      0.02,      0.00,      0.01,      0.96
Test_1640,      1.00,      0.00,      0.00,      0.00
Test_1641,      0.02,      0.00,      0.00,      0.98
Test_1642,      1.00,      0.00,      0.00,      0.00
Test_1643,      0.00,      0.00,      1.00,      0.00
Test_1644,      0.01,      0.19,      0.80,      0.00
Test_1645,      0.00,      0.00,      0.99,      0.00
Test_1646,      0.24,      0.02,      0.72,      0.02
Test_1647,      0.76,      0.01,      0.18,      0.04
Test_1648,      0.00,      0.00,      1.00,      0.00
Test_1649,      0.00,      0.00,      1.00,      0.00
Test_1650,      0.02,      0.73,      0.23,      0.02
Test_1651,      0.24,      0.01,      0.11,      0.64
Test_1652,      0.01,      0.00,      0.98,      0.01
Test_1653,      0.00,      0.00,      1.00,      0.00
Test_1654,      0.03,      0.06,      0.87,      0.04
Test_1655,      0.01,      0.00,      0.00,      0.98
Test_1656,      0.01,      0.00,      0.99,      0.00
Test_1657,      0.91,      0.00,      0.09,      0.00
Test_1658,      0.00,      0.85,      0.14,      0.00
Test_1659,      0.00,      0.00,      0.99,      0.00
Test_1660,      0.00,      0.00,      0.00,      1.00
Test_1661,      0.01,      0.00,      0.99,      0.00
Test_1662,      0.77,      0.20,      0.01,      0.02
Test_1663,      0.00,      0.00,      0.99,      0.00
Test_1664,      0.04,      0.00,      0.00,      0.96
Test_1665,      0.01,      0.51,      0.48,      0.00
Test_1666,      0.17,      0.03,      0.79,      0.01
Test_1667,      1.00,      0.00,      0.00,      0.00
Test_1668,      0.00,      0.00,      0.00,      1.00
Test_1669,      0.00,      0.02,      0.98,      0.00
Test_1670,      0.02,      0.00,      0.28,      0.70
Test_1671,      0.00,      0.00,      1.00,      0.00
Test_1672,      0.00,      0.00,      0.00,      1.00
Test_1673,      0.00,      0.04,      0.00,      0.96
Test_1674,      0.01,      0.03,      0.00,      0.96
Test_1675,      0.99,      0.00,      0.00,      0.00
Test_1676,      0.75,      0.01,      0.00,      0.24
Test_1677,      0.92,      0.06,      0.00,      0.01
Test_1678,      0.00,      0.00,      1.00,      0.00
Test_1679,      0.00,      0.04,      0.02,      0.94
Test_1680,      0.01,      0.00,      0.00,      0.99
Test_1681,      0.01,      0.92,      0.00,      0.07
Test_1682,      0.00,      0.02,      0.98,      0.00
Test_1683,      0.02,      0.11,      0.86,      0.01
Test_1684,      1.00,      0.00,      0.00,      0.00
Test_1685,      0.99,      0.01,      0.00,      0.00
Test_1686,      1.00,      0.00,      0.00,      0.00
Test_1687,      0.12,      0.60,      0.28,      0.00
Test_1688,      0.01,      0.00,      0.99,      0.01
Test_1689,      1.00,      0.00,      0.00,      0.00
Test_1690,      0.78,      0.01,      0.00,      0.21
Test_1691,      0.01,      0.00,      0.00,      0.98
Test_1692,      0.00,      0.00,      1.00,      0.00
Test_1693,      0.01,      0.00,      0.00,      0.99
Test_1694,      0.15,      0.07,      0.76,      0.02
Test_1695,      0.00,      0.00,      1.00,      0.00
Test_1696,      0.04,      0.00,      0.01,      0.95
Test_1697,      0.00,      0.00,      1.00,      0.00
Test_1698,      0.33,      0.00,      0.66,      0.01
Test_1699,      0.00,      0.00,      0.00,      1.00
Test_1700,      1.00,      0.00,      0.00,      0.00
Test_1701,      0.00,      0.09,      0.90,      0.00
Test_1702,      0.00,      0.03,      0.96,      0.00
Test_1703,      0.02,      0.00,      0.98,      0.00
Test_1704,      1.00,      0.00,      0.00,      0.00
Test_1705,      0.01,      0.04,      0.95,      0.00
Test_1706,      0.19,      0.02,      0.02,      0.77
Test_1707,      0.12,      0.00,      0.88,      0.00
Test_1708,      0.00,      0.00,      0.99,      0.00
Test_1709,      0.01,      0.54,      0.45,      0.00
Test_1710,      0.00,      0.00,      0.99,      0.00
Test_1711,      0.81,      0.00,      0.18,      0.00
Test_1712,      0.00,      0.00,      0.99,      0.00
Test_1713,      0.00,      0.00,      0.99,      0.01
Test_1714,      0.10,      0.80,      0.02,      0.08
Test_1715,      0.00,      0.00,      0.00,      1.00
Test_1716,      1.00,      0.00,      0.00,      0.00
Test_1717,      0.01,      0.00,      0.00,      0.99
Test_1718,      1.00,      0.00,      0.00,      0.00
Test_1719,      0.00,      0.00,      0.99,      0.00
Test_1720,      0.01,      0.00,      0.99,      0.01
Test_1721,      0.00,      0.00,      1.00,      0.00
Test_1722,      0.00,      0.00,      0.99,      0.00
Test_1723,      0.00,      0.00,      1.00,      0.00
Test_1724,      0.00,      0.00,      1.00,      0.00
Test_1725,      0.01,      0.00,      0.99,      0.00
Test_1726,      0.27,      0.69,      0.01,      0.03
Test_1727,      1.00,      0.00,      0.00,      0.00
Test_1728,      0.00,      1.00,      0.00,      0.00
Test_1729,      0.00,      0.00,      1.00,      0.00
Test_1730,      1.00,      0.00,      0.00,      0.00
Test_1731,      0.00,      0.00,      0.99,      0.00
Test_1732,      0.00,      0.00,      0.99,      0.00
Test_1733,      0.72,      0.02,      0.00,      0.26
Test_1734,      0.01,      0.01,      0.98,      0.00
Test_1735,      0.00,      0.00,      0.99,      0.00
Test_1736,      0.00,      0.00,      1.00,      0.00
Test_1737,      0.01,      0.06,      0.00,      0.93
Test_1738,      0.21,      0.00,      0.01,      0.78
Test_1739,      0.00,      0.00,      0.99,      0.00
Test_1740,      0.01,      0.04,      0.95,      0.00
Test_1741,      0.19,      0.07,      0.02,      0.72
Test_1742,      0.00,      0.00,      1.00,      0.00
Test_1743,      0.00,      0.00,      1.00,      0.00
Test_1744,      0.00,      0.06,      0.93,      0.01
Test_1745,      0.00,      0.00,      0.99,      0.00
Test_1746,      0.01,      0.79,      0.20,      0.00
Test_1747,      0.02,      0.00,      0.00,      0.98
Test_1748,      0.00,      0.01,      0.98,      0.00
Test_1749,      0.01,      0.04,      0.95,      0.00
Test_1750,      0.02,      0.00,      0.00,      0.98
Test_1751,      0.09,      0.00,      0.00,      0.90
Test_1752,      1.00,      0.00,      0.00,      0.00
Test_1753,      1.00,      0.00,      0.00,      0.00
Test_1754,      1.00,      0.00,      0.00,      0.00
Test_1755,      0.00,      0.00,      1.00,      0.00
Test_1756,      0.45,      0.16,      0.21,      0.19
Test_1757,      0.00,      0.00,      0.00,      0.99
Test_1758,      0.88,      0.08,      0.03,      0.01
Test_1759,      0.00,      0.00,      0.00,      1.00
Test_1760,      0.00,      0.00,      1.00,      0.00
Test_1761,      0.99,      0.00,      0.00,      0.00
Test_1762,      0.98,      0.01,      0.00,      0.01
Test_1763,      0.00,      0.00,      1.00,      0.00
Test_1764,      0.00,      0.00,      1.00,      0.00
Test_1765,      0.34,      0.22,      0.01,      0.43
Test_1766,      0.99,      0.00,      0.00,      0.00
Test_1767,      0.00,      0.00,      1.00,      0.00
Test_1768,      0.00,      0.00,      0.99,      0.00
Test_1769,      0.99,      0.00,      0.00,      0.00
Test_1770,      0.00,      0.00,      0.00,      1.00
Test_1771,      0.26,      0.06,      0.67,      0.01
Test_1772,      0.00,      0.14,      0.86,      0.00
Test_1773,      0.00,      0.00,      0.00,      1.00
Test_1774,      1.00,      0.00,      0.00,      0.00
Test_1775,      0.03,      0.12,      0.84,      0.01
Test_1776,      0.00,      0.00,      0.00,      1.00
Test_1777,      0.00,      0.00,      1.00,      0.00
Test_1778,      0.98,      0.00,      0.00,      0.01
Test_1779,      0.24,      0.23,      0.51,      0.01
Test_1780,      0.02,      0.47,      0.51,      0.00
Test_1781,      0.01,      0.79,      0.17,      0.03
Test_1782,      0.00,      0.00,      1.00,      0.00
Test_1783,      0.01,      0.01,      0.97,      0.01
Test_1784,      0.00,      0.00,      1.00,      0.00
Test_1785,      0.08,      0.00,      0.00,      0.92
Test_1786,      0.98,      0.00,      0.01,      0.00
Test_1787,      0.01,      0.00,      0.00,      0.99
Test_1788,      1.00,      0.00,      0.00,      0.00
Test_1789,      1.00,      0.00,      0.00,      0.00
Test_1790,      1.00,      0.00,      0.00,      0.00
Test_1791,      1.00,      0.00,      0.00,      0.00
Test_1792,      0.01,      0.01,      0.98,      0.01
Test_1793,      0.00,      0.00,      0.99,      0.00
Test_1794,      0.00,      0.00,      1.00,      0.00
Test_1795,      0.93,      0.05,      0.01,      0.02
Test_1796,      0.00,      0.19,      0.80,      0.01
Test_1797,      0.00,      0.00,      0.99,      0.00
Test_1798,      1.00,      0.00,      0.00,      0.00
Test_1799,      0.01,      0.00,      0.00,      0.99
Test_1800,      1.00,      0.00,      0.00,      0.00
Test_1801,      0.01,      0.90,      0.00,      0.09
Test_1802,      0.01,      0.00,      0.99,      0.00
Test_1803,      0.00,      0.01,      0.99,      0.00
Test_1804,      0.00,      0.00,      1.00,      0.00
Test_1805,      1.00,      0.00,      0.00,      0.00
Test_1806,      0.00,      0.00,      0.00,      1.00
Test_1807,      0.99,      0.00,      0.01,      0.00
Test_1808,      0.00,      0.00,      0.00,      1.00
Test_1809,      1.00,      0.00,      0.00,      0.00
Test_1810,      0.03,      0.34,      0.63,      0.00
Test_1811,      0.67,      0.14,      0.01,      0.19
Test_1812,      0.00,      0.00,      1.00,      0.00
Test_1813,      0.00,      0.00,      0.00,      1.00
Test_1814,      0.03,      0.02,      0.95,      0.00
Test_1815,      0.00,      0.00,      1.00,      0.00
Test_1816,      0.00,      0.00,      1.00,      0.00
Test_1817,      0.06,      0.91,      0.02,      0.01
Test_1818,      0.01,      0.01,      0.98,      0.00
Test_1819,      0.99,      0.00,      0.00,      0.00
Test_1820,      0.00,      1.00,      0.00,      0.00
